,events.out.tfevents.1552046124.gpu18
0,2.3338451385498047
10,1.9705610275268555
20,1.935536503791809
30,1.780014991760254
40,1.6986215114593506
50,1.6098860502243042
60,1.6439356803894043
70,1.5916024446487427
80,1.5101982355117798
90,1.4523953199386597
98,1.455796718597412
108,1.4829621315002441
118,1.2953319549560547
128,1.367061734199524
138,1.277312159538269
148,1.3111987113952637
158,1.2094602584838867
168,1.1996817588806152
178,1.1349488496780396
188,1.1111390590667725
196,1.0432043075561523
206,1.0906574726104736
216,0.9787402749061584
226,1.0394781827926636
236,1.0539610385894775
246,0.968990683555603
256,0.966118574142456
266,0.9800001382827759
276,0.9554157257080078
286,0.8465633392333984
294,0.943822979927063
304,0.8015220165252686
314,0.7951188087463379
324,0.8509156703948975
334,0.9046645164489746
344,0.8166313171386719
354,0.8603746891021729
364,0.7012898921966553
374,0.8301572799682617
384,0.7794949412345886
392,0.6901462078094482
402,0.7288059592247009
412,0.7065483331680298
422,0.7288134098052979
432,0.6298476457595825
442,0.7223440408706665
452,0.6902973651885986
462,0.7190587520599365
472,0.6905562877655029
482,0.5896949768066406
490,0.5604475736618042
500,0.607035756111145
510,0.6911236643791199
520,0.6759933233261108
530,0.6230976581573486
540,0.6915241479873657
550,0.6124684810638428
560,0.6820453405380249
570,0.5876792669296265
580,0.6001582145690918
588,0.5524329543113708
598,0.5491546392440796
608,0.5069222450256348
618,0.5696936845779419
628,0.5777662992477417
638,0.5530520677566528
648,0.5443599820137024
658,0.6164904236793518
668,0.45012128353118896
678,0.5788314938545227
686,0.4841705560684204
696,0.5393836498260498
706,0.4812760651111603
716,0.486674964427948
726,0.4762798249721527
736,0.4953399896621704
746,0.4519296884536743
756,0.48821505904197693
766,0.5186245441436768
776,0.45882004499435425
784,0.43614456057548523
794,0.4767439365386963
804,0.4011254906654358
814,0.42017316818237305
824,0.46014276146888733
834,0.376446008682251
844,0.45128417015075684
854,0.44120681285858154
864,0.47256481647491455
874,0.4078245759010315
882,0.40050768852233887
892,0.40701714158058167
902,0.42555809020996094
912,0.3731144368648529
922,0.4459625482559204
932,0.3742809593677521
942,0.4278382658958435
952,0.4680023193359375
962,0.391039103269577
972,0.46140459179878235
980,0.3515589237213135
990,0.3264577388763428
1000,0.3856395483016968
1010,0.43536055088043213
1020,0.3641251027584076
1030,0.3167005181312561
1040,0.31730061769485474
1050,0.40631622076034546
1060,0.3755141496658325
1070,0.3821035623550415
1078,0.3674730658531189
1088,0.3507639169692993
1098,0.3637796938419342
1108,0.35501161217689514
1118,0.4312446713447571
1128,0.33583658933639526
1138,0.3560440242290497
1148,0.3522939085960388
1158,0.32740509510040283
1168,0.3600292205810547
1176,0.34710240364074707
1186,0.36316630244255066
1196,0.3212767243385315
1206,0.41130638122558594
1216,0.3706580102443695
1226,0.3006390333175659
1236,0.3649853467941284
1246,0.3482592701911926
1256,0.3705707788467407
1266,0.39193499088287354
1274,0.3164536952972412
1284,0.26854538917541504
1294,0.33563339710235596
1304,0.28578925132751465
1314,0.37242811918258667
1324,0.3242334723472595
1334,0.30674415826797485
1344,0.3412906527519226
1354,0.2849728465080261
1364,0.34873878955841064
1372,0.29068559408187866
1382,0.27178955078125
1392,0.3347458243370056
1402,0.31866228580474854
1412,0.24395929276943207
1422,0.3532413840293884
1432,0.3556382656097412
1442,0.3023557960987091
1452,0.3337164521217346
1462,0.30131375789642334
1470,0.25860849022865295
1480,0.24964453279972076
1490,0.24381542205810547
1500,0.3211122751235962
1510,0.35109758377075195
1520,0.3286370635032654
1530,0.27494287490844727
1540,0.3632679581642151
1550,0.32953470945358276
1560,0.30309927463531494
1568,0.26648053526878357
1578,0.2539466917514801
1588,0.2122708410024643
1598,0.25426480174064636
1608,0.2861476540565491
1618,0.3221402168273926
1628,0.30210039019584656
1638,0.2649635672569275
1648,0.2704097628593445
1658,0.29300299286842346
1666,0.24422307312488556
1676,0.2647061347961426
1686,0.23536857962608337
1696,0.21238240599632263
1706,0.23474229872226715
1716,0.26441890001296997
1726,0.20281463861465454
1736,0.30142873525619507
1746,0.2988134026527405
1756,0.30553138256073
1764,0.27285879850387573
1774,0.2675113081932068
1784,0.25281596183776855
1794,0.22141827642917633
1804,0.22467157244682312
1814,0.2952752709388733
1824,0.2586574852466583
1834,0.241310715675354
1844,0.3162998557090759
1854,0.24521352350711823
1862,0.2409197986125946
1872,0.2259158492088318
1882,0.2150498628616333
1892,0.2317948341369629
1902,0.2333751916885376
1912,0.3371661305427551
1922,0.2413940131664276
1932,0.28074556589126587
1942,0.26934418082237244
1952,0.27025002241134644
1960,0.2506166994571686
1970,0.2682397961616516
1980,0.1905800700187683
1990,0.24029648303985596
2000,0.1926780343055725
2010,0.2580820322036743
2020,0.3083418607711792
2030,0.23487603664398193
2040,0.25890371203422546
2050,0.22178831696510315
2058,0.2326771318912506
2068,0.22122232615947723
2078,0.19697368144989014
2088,0.19231611490249634
2098,0.2755974531173706
2108,0.2050783634185791
2118,0.24928028881549835
2128,0.21470195055007935
2138,0.24697698652744293
2148,0.26202648878097534
2156,0.1719004511833191
2166,0.21584966778755188
2176,0.1968402862548828
2186,0.21908879280090332
2196,0.24652165174484253
2206,0.25723859667778015
2216,0.3016088008880615
2226,0.26187586784362793
2236,0.2580600082874298
2246,0.26148098707199097
2254,0.3193671703338623
2264,0.19826237857341766
2274,0.2057998776435852
2284,0.156333327293396
2294,0.2303258180618286
2304,0.24874117970466614
2314,0.17738598585128784
2324,0.27205586433410645
2334,0.2278062403202057
2344,0.20687666535377502
2352,0.20165683329105377
2362,0.2774277627468109
2372,0.22600297629833221
2382,0.19306695461273193
2392,0.1918898969888687
2402,0.24369284510612488
2412,0.2087879627943039
2422,0.21736174821853638
2432,0.20232871174812317
2442,0.20507356524467468
2450,0.22460685670375824
2460,0.13741886615753174
2470,0.2085903435945511
2480,0.23265379667282104
2490,0.20310524106025696
2500,0.2158648520708084
2510,0.22600942850112915
2520,0.23323193192481995
2530,0.2422727793455124
2540,0.24638457596302032
2548,0.1880490928888321
2558,0.1837383359670639
2568,0.15686291456222534
2578,0.19944718480110168
2588,0.21875067055225372
2598,0.2333579659461975
2608,0.1862354576587677
2618,0.20203757286071777
2628,0.20392706990242004
2638,0.2555578052997589
2646,0.1789202094078064
2656,0.19981393218040466
2666,0.19181013107299805
2676,0.1791185736656189
2686,0.24130818247795105
2696,0.23166193068027496
2706,0.3131016492843628
2716,0.23349688947200775
2726,0.2339031994342804
2736,0.20604157447814941
2744,0.2121538519859314
2754,0.18948501348495483
2764,0.19878053665161133
2774,0.19507810473442078
2784,0.17529809474945068
2794,0.20441071689128876
2804,0.1892385333776474
2814,0.19396810233592987
2824,0.1927228569984436
2834,0.2322053760290146
2842,0.17219625413417816
2852,0.15504926443099976
2862,0.15024694800376892
2872,0.2184838056564331
2882,0.22599948942661285
2892,0.20653796195983887
2902,0.2312222421169281
2912,0.23188598453998566
2922,0.1917666494846344
2932,0.1922438144683838
2940,0.21284924447536469
2950,0.256533682346344
2960,0.20927244424819946
2970,0.20269978046417236
2980,0.2181793600320816
2990,0.14793601632118225
3000,0.20249490439891815
3010,0.20815680921077728
3020,0.21749179065227509
3030,0.19701457023620605
3038,0.22200287878513336
3048,0.21406494081020355
3058,0.15866276621818542
3068,0.19399166107177734
3078,0.18588921427726746
3088,0.21197198331356049
3098,0.14372822642326355
3108,0.1871856153011322
3118,0.1684301197528839
3128,0.20588862895965576
3136,0.18590077757835388
3146,0.17596808075904846
3156,0.20099931955337524
3166,0.19771546125411987
3176,0.18936121463775635
3186,0.17216478288173676
3196,0.2134779840707779
3206,0.18796952068805695
3216,0.20356059074401855
3226,0.19242453575134277
3234,0.1569715142250061
3244,0.17537330090999603
3254,0.16589301824569702
3264,0.16474434733390808
3274,0.15212352573871613
3284,0.24034231901168823
3294,0.19261151552200317
3304,0.22096961736679077
3314,0.17164725065231323
3324,0.25840064883232117
3332,0.20806927978992462
3342,0.1516144573688507
3352,0.136417418718338
3362,0.14871472120285034
3372,0.18836334347724915
3382,0.17112606763839722
3392,0.14353688061237335
3402,0.18404249846935272
3412,0.1837977170944214
3422,0.2086314558982849
3430,0.17976871132850647
3440,0.15966935455799103
3450,0.18552392721176147
3460,0.14627328515052795
3470,0.15685629844665527
3480,0.2001299411058426
3490,0.18541565537452698
3500,0.1670137345790863
3510,0.17130683362483978
3520,0.19116491079330444
3528,0.17881497740745544
3538,0.1719861775636673
3548,0.155223548412323
3558,0.1871749609708786
3568,0.21024233102798462
3578,0.16545331478118896
3588,0.20907379686832428
3598,0.16459664702415466
3608,0.14842334389686584
3618,0.2153725028038025
3626,0.17313960194587708
3636,0.17461347579956055
3646,0.12855365872383118
3656,0.16753485798835754
3666,0.14693541824817657
3676,0.2071690559387207
3686,0.1493772268295288
3696,0.18087925016880035
3706,0.1843138039112091
3716,0.1801295280456543
3724,0.18805357813835144
3734,0.14812499284744263
3744,0.12477010488510132
3754,0.1594047248363495
3764,0.1451544463634491
3774,0.15901541709899902
3784,0.15945827960968018
3794,0.14389550685882568
3804,0.168033167719841
3814,0.2405407726764679
3822,0.17901955544948578
3832,0.17690953612327576
3842,0.15453438460826874
3852,0.18270587921142578
3862,0.16172218322753906
3872,0.1912737935781479
3882,0.19418194890022278
3892,0.17345735430717468
3902,0.16631808876991272
3912,0.1718667894601822
3920,0.1067032665014267
3930,0.15934020280838013
3940,0.13518686592578888
3950,0.16869650781154633
3960,0.18568165600299835
3970,0.13547827303409576
3980,0.19973890483379364
3990,0.15383759140968323
4000,0.20798754692077637
4010,0.16774201393127441
4018,0.1303882747888565
4028,0.18468400835990906
4038,0.18295332789421082
4048,0.22494542598724365
4058,0.14896629750728607
4068,0.14350110292434692
4078,0.11686491221189499
4088,0.2000749111175537
4098,0.1521458625793457
4108,0.1284685730934143
4116,0.17570236325263977
4126,0.14511403441429138
4136,0.1375458985567093
4146,0.17895548045635223
4156,0.15323126316070557
4166,0.1475226879119873
4176,0.16496846079826355
4186,0.17993159592151642
4196,0.17853224277496338
4206,0.14880165457725525
4214,0.12405459582805634
4224,0.12979483604431152
4234,0.15955065190792084
4244,0.16368842124938965
4254,0.15967369079589844
4264,0.15515878796577454
4274,0.20114587247371674
4284,0.13928593695163727
4294,0.13284964859485626
4304,0.15548908710479736
4312,0.12534023821353912
4322,0.13379749655723572
4332,0.1375131905078888
4342,0.16728650033473969
4352,0.12382595986127853
4362,0.19423836469650269
4372,0.1516837477684021
4382,0.19543711841106415
4392,0.13599169254302979
4402,0.1560308039188385
4410,0.14276103675365448
4420,0.14030374586582184
4430,0.1112268716096878
4440,0.13929833471775055
4450,0.1047806590795517
4460,0.13896752893924713
4470,0.18149957060813904
4480,0.15590117871761322
4490,0.17415502667427063
4500,0.15093454718589783
4508,0.15071384608745575
4518,0.15381091833114624
4528,0.14836779236793518
4538,0.15754765272140503
4548,0.16586872935295105
4558,0.1402760148048401
4568,0.13687372207641602
4578,0.16858021914958954
4588,0.16979527473449707
4598,0.145529642701149
4606,0.1841919720172882
4616,0.15541008114814758
4626,0.13959360122680664
4636,0.10575372725725174
4646,0.16186286509037018
4656,0.14012765884399414
4666,0.1787910759449005
4676,0.15323565900325775
4686,0.13890723884105682
4696,0.14719662070274353
4704,0.1841185986995697
4714,0.1426626294851303
4724,0.11999876797199249
4734,0.1986921727657318
4744,0.11409154534339905
4754,0.14120128750801086
4764,0.15475159883499146
4774,0.15142923593521118
4784,0.1902846097946167
4794,0.15078243613243103
4802,0.14923685789108276
4812,0.13617339730262756
4822,0.13574561476707458
4832,0.14486604928970337
4842,0.1337253749370575
4852,0.12531331181526184
4862,0.12271895259618759
4872,0.11661860346794128
4882,0.1948188841342926
4892,0.18567660450935364
4900,0.08854328095912933
4910,0.0896872729063034
4920,0.07131027430295944
4930,0.06650303304195404
4940,0.08520381152629852
4950,0.07350632548332214
4960,0.07502295076847076
4970,0.048815034329891205
4980,0.06675370782613754
4990,0.05761333554983139
4998,0.0519847646355629
5008,0.03476153686642647
5018,0.05379830300807953
5028,0.060299549251794815
5038,0.04033654183149338
5048,0.05338671803474426
5058,0.03452757000923157
5068,0.0392739400267601
5078,0.059606123715639114
5088,0.04665955901145935
5096,0.05396527796983719
5106,0.03217974305152893
5116,0.04565155878663063
5126,0.03604266792535782
5136,0.03206687420606613
5146,0.032205257564783096
5156,0.04126736521720886
5166,0.037292614579200745
5176,0.04797825217247009
5186,0.04480930417776108
5194,0.03645937889814377
5204,0.037007950246334076
5214,0.027994390577077866
5224,0.04251869395375252
5234,0.021700812503695488
5244,0.029131099581718445
5254,0.0365019328892231
5264,0.04997115582227707
5274,0.016925137490034103
5284,0.05447990447282791
5292,0.031965162605047226
5302,0.03498624265193939
5312,0.029851682484149933
5322,0.02470722794532776
5332,0.028831714764237404
5342,0.04072142019867897
5352,0.020258767530322075
5362,0.021809320896863937
5372,0.016998212784528732
5382,0.027042262256145477
5390,0.03364432603120804
5400,0.01934179477393627
5410,0.02802075445652008
5420,0.023018382489681244
5430,0.03885283321142197
5440,0.02484496682882309
5450,0.027572281658649445
5460,0.02493542991578579
5470,0.014412756077945232
5480,0.04104407876729965
5488,0.030850162729620934
5498,0.011760100722312927
5508,0.03148779273033142
5518,0.016625206917524338
5528,0.025236522778868675
5538,0.023927338421344757
5548,0.0417134091258049
5558,0.026938937604427338
5568,0.01800450310111046
5578,0.038461171090602875
5586,0.018349863588809967
5596,0.021877743303775787
5606,0.016774289309978485
5616,0.012680863961577415
5626,0.020568955689668655
5636,0.0234089158475399
5646,0.036893367767333984
5656,0.016844548285007477
5666,0.01784970611333847
5676,0.024900201708078384
5684,0.024228395894169807
5694,0.024666782468557358
5704,0.021081063896417618
5714,0.011384671553969383
5724,0.021102847531437874
5734,0.022066377103328705
5744,0.018250390887260437
5754,0.021495718508958817
5764,0.02555115520954132
5774,0.019861457869410515
5782,0.015886418521404266
5792,0.014396365731954575
5802,0.011266803368926048
5812,0.03207814320921898
5822,0.016581233590841293
5832,0.02166064642369747
5842,0.009097836911678314
5852,0.01306737307459116
5862,0.015331733971834183
5872,0.013760412111878395
5880,0.012820069678127766
5890,0.015322067774832249
5900,0.022464677691459656
5910,0.014320557937026024
5920,0.0168159157037735
5930,0.03213343396782875
5940,0.014826180413365364
5950,0.018285084515810013
5960,0.014278579503297806
5970,0.018421337008476257
5978,0.0102833928540349
5988,0.01151479035615921
5998,0.01850588619709015
6008,0.01819302886724472
6018,0.01415693573653698
6028,0.012998472899198532
6038,0.01904207468032837
6048,0.014113877899944782
6058,0.01669323816895485
6068,0.015850067138671875
6076,0.017141610383987427
6086,0.013738099485635757
6096,0.012317510321736336
6106,0.012172462418675423
6116,0.014792688190937042
6126,0.017887219786643982
6136,0.021952461451292038
6146,0.012293599545955658
6156,0.0227607823908329
6166,0.008105261251330376
6174,0.008070017211139202
6184,0.00975425448268652
6194,0.015738286077976227
6204,0.010612665675580502
6214,0.01118515059351921
6224,0.009128794074058533
6234,0.015359867364168167
6244,0.02020104229450226
6254,0.01388726569712162
6264,0.009524825029075146
6272,0.015556310303509235
6282,0.008234606124460697
6292,0.008417225442826748
6302,0.011058333329856396
6312,0.008149164728820324
6322,0.01524414587765932
6332,0.007230435498058796
6342,0.010975672863423824
6352,0.014511842280626297
6362,0.008662942796945572
6370,0.008629733696579933
6380,0.01261607650667429
6390,0.011647152714431286
6400,0.010641071014106274
6410,0.019806159660220146
6420,0.01821734383702278
6430,0.009678823873400688
6440,0.015502216294407845
6450,0.009119940921664238
6460,0.014761925674974918
6468,0.004733256064355373
6478,0.00467116292566061
6488,0.018003730103373528
6498,0.011794719845056534
6508,0.009042276069521904
6518,0.01065702736377716
6528,0.012036994099617004
6538,0.010201702825725079
6548,0.009440640918910503
6558,0.01447575818747282
6566,0.009299227967858315
6576,0.019649848341941833
6586,0.004455506335943937
6596,0.007268725894391537
6606,0.009794839657843113
6616,0.008174472488462925
6626,0.013207018375396729
6636,0.012875659391283989
6646,0.011059042997658253
6656,0.007381805218756199
6664,0.01407433021813631
6674,0.007508222945034504
6684,0.007151472382247448
6694,0.012426577508449554
6704,0.011792407371103764
6714,0.009467994794249535
6724,0.004866249859333038
6734,0.01418746542185545
6744,0.007591866888105869
6754,0.010314051061868668
6762,0.004474240355193615
6772,0.00798592995852232
6782,0.011889021843671799
6792,0.007863721810281277
6802,0.011258050799369812
6812,0.008669722825288773
6822,0.004259807989001274
6832,0.008831021375954151
6842,0.00486461166292429
6852,0.01191121619194746
6860,0.008330877870321274
6870,0.012513557448983192
6880,0.007925810292363167
6890,0.005903762765228748
6900,0.00469197379425168
6910,0.008393756113946438
6920,0.00730188237503171
6930,0.008146077394485474
6940,0.0037386277690529823
6950,0.010945846326649189
6958,0.007063641212880611
6968,0.018452975898981094
6978,0.01344643346965313
6988,0.006507249549031258
6998,0.0064926184713840485
7008,0.012806813232600689
7018,0.009021611884236336
7028,0.008396784774959087
7038,0.013251802884042263
7048,0.007146194577217102
7056,0.008722931146621704
7066,0.0063748471438884735
7076,0.007592873647809029
7086,0.005558573175221682
7096,0.0064159841276705265
7106,0.009696409106254578
7116,0.010354628786444664
7126,0.009747902862727642
7136,0.010149514302611351
7146,0.007943560369312763
7154,0.0056061772629618645
7164,0.005498379468917847
7174,0.0059491973370313644
7184,0.01011704746633768
7194,0.00903155654668808
7204,0.00576705951243639
7214,0.006634185090661049
7224,0.005461139604449272
7234,0.005978066474199295
7244,0.006413477472960949
7252,0.012602072209119797
7262,0.008533150888979435
7272,0.004576040431857109
7282,0.007293239235877991
7292,0.010143173858523369
7302,0.005771871656179428
7312,0.005314026027917862
7322,0.006613866426050663
7332,0.00616931077092886
7342,0.008283267728984356
7350,0.004852663725614548
7360,0.006739575415849686
7370,0.0060408879071474075
7380,0.007035356946289539
7390,0.007271685637533665
7400,0.009628178551793098
7410,0.006023744121193886
7420,0.0052088527008891106
7430,0.0037684133276343346
7440,0.007149529177695513
7448,0.007649636827409267
7458,0.012038378044962883
7468,0.010148612782359123
7478,0.010052146390080452
7488,0.0056381188333034515
7498,0.004425982944667339
7508,0.00838720053434372
7518,0.006367477588355541
7528,0.009597553871572018
7538,0.004091915674507618
7546,0.005561193451285362
7556,0.0100778229534626
7566,0.003901200369000435
7576,0.010548604652285576
7586,0.008378615602850914
7596,0.013749956153333187
7606,0.004516869783401489
7616,0.012526567094027996
7626,0.015017691999673843
7636,0.007817083969712257
7644,0.008679165504872799
7654,0.007537441328167915
7664,0.004995635710656643
7674,0.004223895259201527
7684,0.008661283180117607
7694,0.007041561882942915
7704,0.007451651152223349
7714,0.0048078009858727455
7724,0.004910054616630077
7734,0.01325803529471159
7742,0.005954599007964134
7752,0.009164158254861832
7762,0.024554921314120293
7772,0.004594356752932072
7782,0.004084049724042416
7792,0.005994879640638828
7802,0.010845638811588287
7812,0.006764961406588554
7822,0.0035878950729966164
7832,0.00861397571861744
7840,0.0074877142906188965
7850,0.002985592931509018
7860,0.017981983721256256
7870,0.0023819636553525925
7880,0.005934815388172865
7890,0.005181427113711834
7900,0.007066104561090469
7910,0.00344274565577507
7920,0.006355686113238335
7930,0.007348354905843735
7938,0.008113598451018333
7948,0.015867045149207115
7958,0.00756492093205452
7968,0.00916971918195486
7978,0.0038283802568912506
7988,0.004917562007904053
7998,0.012918459251523018
8008,0.009487038478255272
8018,0.002920839935541153
8028,0.006938336417078972
8036,0.0026224087923765182
8046,0.005843419581651688
8056,0.005955271422863007
8066,0.00591697171330452
8076,0.005213575437664986
8086,0.007788118906319141
8096,0.006296415813267231
8106,0.0041275471448898315
8116,0.005380266346037388
8126,0.006448681466281414
8134,0.00540009792894125
8144,0.0035628667101264
8154,0.006261463277041912
8164,0.00310407392680645
8174,0.004691477864980698
8184,0.004758293740451336
8194,0.0053466008976101875
8204,0.003496287390589714
8214,0.0036098798736929893
8224,0.004260249435901642
8232,0.005067484453320503
8242,0.003135685808956623
8252,0.005145235452800989
8262,0.0056006526574492455
8272,0.005113419145345688
8282,0.0033850958570837975
8292,0.004581404849886894
8302,0.005382964853197336
8312,0.003917611204087734
8322,0.005487384274601936
8330,0.0063808634877204895
8340,0.004309214651584625
8350,0.005801317282021046
8360,0.003768928349018097
8370,0.003725375048816204
8380,0.004424582235515118
8390,0.007299403659999371
8400,0.005896688438951969
8410,0.004068509675562382
8420,0.005347570404410362
8428,0.00460031908005476
8438,0.006487805396318436
8448,0.0032290760427713394
8458,0.004224034026265144
8468,0.0066048866137862206
8478,0.003440692089498043
8488,0.005640794523060322
8498,0.004483555443584919
8508,0.0050572799518704414
8518,0.0035644862800836563
8526,0.006289434619247913
8536,0.005057955160737038
8546,0.005085625685751438
8556,0.009888429194688797
8566,0.006383322179317474
8576,0.007682144176214933
8586,0.0032131681218743324
8596,0.007351266220211983
8606,0.010522061958909035
8616,0.004459831863641739
8624,0.002826126292347908
8634,0.0029482096433639526
8644,0.008847534656524658
8654,0.012609075754880905
8664,0.004898988641798496
8674,0.00431633647531271
8684,0.005959062837064266
8694,0.005588610656559467
8704,0.006856377236545086
8714,0.005954495631158352
8722,0.00487173069268465
8732,0.004179020412266254
8742,0.0028495239093899727
8752,0.007429143413901329
8762,0.006383023224771023
8772,0.005982112139463425
8782,0.006434021517634392
8792,0.004950344562530518
8802,0.00647929310798645
8812,0.002529338002204895
8820,0.005938197020441294
8830,0.002838747575879097
8840,0.0021012919023633003
8850,0.00487304013222456
8860,0.005823701620101929
8870,0.01660470850765705
8880,0.0030710669234395027
8890,0.006200328469276428
8900,0.003445195034146309
8910,0.002282664179801941
8918,0.00573579128831625
8928,0.0101539958268404
8938,0.009920959360897541
8948,0.0075318338349461555
8958,0.0029847780242562294
8968,0.006506858393549919
8978,0.0032748980447649956
8988,0.004104143939912319
8998,0.005404682829976082
9008,0.004350708797574043
9016,0.0027529383078217506
9026,0.005094160325825214
9036,0.005842369049787521
9046,0.003965514712035656
9056,0.0025002826005220413
9066,0.0060508968308568
9076,0.0036335736513137817
9086,0.00987911969423294
9096,0.0035190442577004433
9106,0.006554797291755676
9114,0.002738717943429947
9124,0.0029903724789619446
9134,0.003504951484501362
9144,0.004516196437180042
9154,0.004368468187749386
9164,0.005355518311262131
9174,0.0031592827290296555
9184,0.0035971393808722496
9194,0.00421972805634141
9204,0.003670560196042061
9212,0.011250859126448631
9222,0.0033532422967255116
9232,0.004463734105229378
9242,0.01093992032110691
9252,0.003150663338601589
9262,0.003440599888563156
9272,0.006277681328356266
9282,0.0022504720836877823
9292,0.005039890296757221
9302,0.0027172518894076347
9310,0.003702879883348942
9320,0.008086606860160828
9330,0.0075533026829361916
9340,0.003978792577981949
9350,0.002344198524951935
9360,0.004532447084784508
9370,0.006935662589967251
9380,0.003519289195537567
9390,0.003192758187651634
9400,0.003739439882338047
9408,0.002680429257452488
9418,0.003949327394366264
9428,0.005137099884450436
9438,0.0023178160190582275
9448,0.0033324342221021652
9458,0.002748473547399044
9468,0.004751312546432018
9478,0.004488353617489338
9488,0.004252232611179352
9498,0.0038776667788624763
9506,0.00437051011249423
9516,0.0017743706703186035
9526,0.0028798915445804596
9536,0.008764028549194336
9546,0.002961454913020134
9556,0.009100369177758694
9566,0.0062775323167443275
9576,0.0026492392644286156
9586,0.002643040381371975
9596,0.004058149643242359
9604,0.0035584373399615288
9614,0.003192547708749771
9624,0.005147965624928474
9634,0.007394487038254738
9644,0.005459614098072052
9654,0.0030143754556775093
9664,0.003964757546782494
9674,0.0038529979065060616
9684,0.005495247431099415
9694,0.0026323841884732246
9702,0.005300468299537897
9712,0.003440096043050289
9722,0.004097616299986839
9732,0.005168459378182888
9742,0.006226585246622562
9752,0.0031212689355015755
9762,0.0027803732082247734
9772,0.007654999382793903
9782,0.005448116920888424
9792,0.002795240841805935
9800,0.002935769036412239
9810,0.00290598813444376
9820,0.0032812412828207016
9830,0.004683272913098335
9840,0.006613738834857941
9850,0.004131766967475414
9860,0.004627561196684837
9870,0.0047246599569916725
9880,0.0023518456146121025
9890,0.003114655613899231
9898,0.0030578449368476868
9908,0.0027584554627537727
9918,0.006591311190277338
9928,0.003018556162714958
9938,0.0042578671127557755
9948,0.002807741053402424
9958,0.006945181172341108
9968,0.0028488589450716972
9978,0.005920258350670338
9988,0.007256936747580767
9996,0.004471996799111366
10006,0.0030026305466890335
10016,0.003452388569712639
10026,0.003269505687057972
10036,0.003347034566104412
10046,0.004754305817186832
10056,0.0017546284943819046
10066,0.0024494491517543793
10076,0.0027810009196400642
10086,0.0026625581085681915
10094,0.00403638556599617
10104,0.0038204211741685867
10114,0.003347252495586872
10124,0.007385388016700745
10134,0.0029044896364212036
10144,0.003665459342300892
10154,0.0038211764767766
10164,0.003665314055979252
10174,0.004526736214756966
10184,0.002923200838267803
10192,0.001842849887907505
10202,0.003237452358007431
10212,0.002939380705356598
10222,0.001698019914329052
10232,0.0038443924859166145
10242,0.004888978786766529
10252,0.0034273508936166763
10262,0.0037811165675520897
10272,0.004142354242503643
10282,0.0035408083349466324
10290,0.0026539023965597153
10300,0.002623296342790127
10310,0.002856641076505184
10320,0.0031200898811221123
10330,0.002597842365503311
10340,0.005609468556940556
10350,0.0028080521151423454
10360,0.003288673236966133
10370,0.0023433053866028786
10380,0.0036670351400971413
10388,0.006545654963701963
10398,0.0027429480105638504
10408,0.003461020067334175
10418,0.005578499287366867
10428,0.00919563602656126
10438,0.004554090090095997
10448,0.003129400312900543
10458,0.003575563430786133
10468,0.0020827641710639
10478,0.0025537610054016113
10486,0.002005491405725479
10496,0.002147665247321129
10506,0.0024770600721240044
10516,0.0020224228501319885
10526,0.0024229809641838074
10536,0.002387038432061672
10546,0.0034164823591709137
10556,0.0024106167256832123
10566,0.0021751588210463524
10576,0.0029095299541950226
10584,0.0025632409378886223
10594,0.0023176735267043114
10604,0.004455395042896271
10614,0.00343317911028862
10624,0.0033282916992902756
10634,0.0023513752967119217
10644,0.0021275719627738
10654,0.00451687490567565
10664,0.0023364415392279625
10674,0.004309699870646
10682,0.0022933613508939743
10692,0.008917314931750298
10702,0.0031267348676919937
10712,0.0026280367746949196
10722,0.0026450389996170998
10732,0.0016754427924752235
10742,0.0026952894404530525
10752,0.0031246934086084366
10762,0.003990557976067066
10772,0.0054296208545565605
10780,0.0015668906271457672
10790,0.004211795516312122
10800,0.001635679043829441
10810,0.002497567795217037
10820,0.005386143922805786
10830,0.003744669258594513
10840,0.0037668542936444283
10850,0.003554373048245907
10860,0.00253246258944273
10870,0.004153415560722351
10878,0.0033715227618813515
10888,0.0051430584862828255
10898,0.0024324944242835045
10908,0.0027573080733418465
10918,0.003227701410651207
10928,0.0017299670726060867
10938,0.004955315962433815
10948,0.0027373675256967545
10958,0.004844304174184799
10968,0.0024040834978222847
10976,0.004799870774149895
10986,0.00218835286796093
10996,0.002446139231324196
11006,0.0022479165345430374
11016,0.0031196866184473038
11026,0.009143203496932983
11036,0.004065349698066711
11046,0.004710511304438114
11056,0.0017438018694519997
11066,0.0038683470338582993
11074,0.002967453096061945
11084,0.0023963479325175285
11094,0.002888087183237076
11104,0.0026101162657141685
11114,0.0032689268700778484
11124,0.001698596403002739
11134,0.00563453882932663
11144,0.0018332451581954956
11154,0.002877248451113701
11164,0.002289983443915844
11172,0.0028201136738061905
11182,0.002118108794093132
11192,0.004460877738893032
11202,0.0030541177839040756
11212,0.005541239399462938
11222,0.002221199683845043
11232,0.0035894159227609634
11242,0.0038909828290343285
11252,0.004126641899347305
11262,0.0038913674652576447
11270,0.006550127640366554
11280,0.0031015174463391304
11290,0.002120358869433403
11300,0.001714533194899559
11310,0.0034872889518737793
11320,0.0022090012207627296
11330,0.0029329583048820496
11340,0.0033931825309991837
11350,0.002199786715209484
11360,0.0018360167741775513
11368,0.003327862359583378
11378,0.0041472213342785835
11388,0.0032768798992037773
11398,0.0026657460257411003
11408,0.008673502132296562
11418,0.0028293319046497345
11428,0.0032721227034926414
11438,0.0014819465577602386
11448,0.0037527140229940414
11458,0.002434276044368744
11466,0.001802336424589157
11476,0.0025804471224546432
11486,0.003552621230483055
11496,0.00374651700258255
11506,0.002628551796078682
11516,0.003251028247177601
11526,0.002647159621119499
11536,0.0032223686575889587
11546,0.0026819882914423943
11556,0.003637741319835186
11564,0.0033763647079467773
11574,0.003209923394024372
11584,0.0036139609292149544
11594,0.003262285143136978
11604,0.005259619560092688
11614,0.003187885507941246
11624,0.002810802310705185
11634,0.002930714748799801
11644,0.0020500989630818367
11654,0.003746909089386463
11662,0.0030662203207612038
11672,0.002730071544647217
11682,0.0039689745754003525
11692,0.002398706041276455
11702,0.004990617744624615
11712,0.006367581896483898
11722,0.003063744865357876
11732,0.0032588867470622063
11742,0.0026492178440093994
11752,0.005322403274476528
11760,0.0023798439651727676
11770,0.002516130916774273
11780,0.002885132096707821
11790,0.002695046365261078
11800,0.0017150258645415306
11810,0.0016253795474767685
11820,0.006219940260052681
11830,0.0027203932404518127
11840,0.002665524370968342
11850,0.005028171464800835
11858,0.0021564848721027374
11868,0.002473064698278904
11878,0.001354091800749302
11888,0.002623087726533413
11898,0.0018484024330973625
11908,0.0033368244767189026
11918,0.002323783002793789
11928,0.0030854465439915657
11938,0.003202776424586773
11948,0.002355266362428665
11956,0.002946101129055023
11966,0.006285417824983597
11976,0.003038615919649601
11986,0.0021538352593779564
11996,0.0017712600529193878
12006,0.0023191478103399277
12016,0.001936551183462143
12026,0.0030410420149564743
12036,0.0014593331143260002
12046,0.0027687177062034607
12054,0.002340586856007576
12064,0.0030568409711122513
12074,0.0027735689654946327
12084,0.0036694929003715515
12094,0.002587278373539448
12104,0.0036396244540810585
12114,0.006902557797729969
12124,0.0017745168879628181
12134,0.0014306418597698212
12144,0.002724253572523594
12152,0.002089906483888626
12162,0.0015988517552614212
12172,0.002702946774661541
12182,0.005495197139680386
12192,0.0024832701310515404
12202,0.002181551419198513
12212,0.0028571859002113342
12222,0.0063916342332959175
12232,0.0036576641723513603
12242,0.002777792513370514
12250,0.003902270458638668
12260,0.0022146031260490417
12270,0.0036476897075772285
12280,0.003383096307516098
12290,0.0018151197582483292
12300,0.004395772237330675
12310,0.0022642547264695168
12320,0.007446764037013054
12330,0.0030441852286458015
12340,0.0032748691737651825
12348,0.0018979841843247414
12358,0.002417992800474167
12368,0.003085141070187092
12378,0.0024866871535778046
12388,0.00257943756878376
12398,0.0022841105237603188
12408,0.002588720992207527
12418,0.008417496457695961
12428,0.0016397256404161453
12438,0.005308564752340317
12446,0.004454611334949732
12456,0.003266613930463791
12466,0.0021706223487854004
12476,0.0027383072301745415
12486,0.007188695482909679
12496,0.0018974542617797852
12506,0.0015620952472090721
12516,0.0016835574060678482
12526,0.0025005703791975975
12536,0.004401756450533867
12544,0.0021596839651465416
12554,0.0024266624823212624
12564,0.0015340233221650124
12574,0.002185853198170662
12584,0.0018807286396622658
12594,0.0031524011865258217
12604,0.002230927348136902
12614,0.003339294344186783
12624,0.0021296413615345955
12634,0.0023681139573454857
12642,0.0017210869118571281
12652,0.0019287513568997383
12662,0.00509997084736824
12672,0.003445882350206375
12682,0.001672990620136261
12692,0.0044098179787397385
12702,0.0034906333312392235
12712,0.0036956528201699257
12722,0.004754712805151939
12732,0.0035364124923944473
12740,0.0024493616074323654
12750,0.0065846554934978485
12760,0.0018908670172095299
12770,0.0021602194756269455
12780,0.0028165867552161217
12790,0.002727977931499481
12800,0.002821328118443489
12810,0.003413708880543709
12820,0.0035303356125950813
12830,0.0017710886895656586
12838,0.00465554092079401
12848,0.0029345350340008736
12858,0.002681676298379898
12868,0.0026473840698599815
12878,0.0024109911173582077
12888,0.002088782377541065
12898,0.0029577109962701797
12908,0.002322631888091564
12918,0.0021917177364230156
12928,0.001964942552149296
12936,0.0018492350354790688
12946,0.0019585629925131798
12956,0.0021573323756456375
12966,0.002403705380856991
12976,0.0027945172041654587
12986,0.002166750840842724
12996,0.003882627934217453
13006,0.002424086444079876
13016,0.0023376429453492165
13026,0.005637133028358221
13034,0.005366410128772259
13044,0.002929050475358963
13054,0.0040674954652786255
13064,0.002109117805957794
13074,0.0019015967845916748
13084,0.002008276991546154
13094,0.0025270842015743256
13104,0.0022450946271419525
13114,0.003012905828654766
13124,0.002158297225832939
13132,0.0018077138811349869
13142,0.0020689675584435463
13152,0.002517920918762684
13162,0.003902626223862171
13172,0.002559673972427845
13182,0.0024139834567904472
13192,0.004132898524403572
13202,0.0022746697068214417
13212,0.004516869783401489
13222,0.0017513874918222427
13230,0.0036755744367837906
13240,0.0036837607622146606
13250,0.0027023525908589363
13260,0.0032510701566934586
13270,0.0021904660388827324
13280,0.002394154667854309
13290,0.003256218507885933
13300,0.0032540857791900635
13310,0.005681286565959454
13320,0.0014996640384197235
13328,0.0034040436148643494
13338,0.003518293611705303
13348,0.00220431387424469
13358,0.005051146727055311
13368,0.002298700623214245
13378,0.0038307039067149162
13388,0.003108412027359009
13398,0.0018107956275343895
13408,0.004032809287309647
13418,0.0024981005117297173
13426,0.0024068420752882957
13436,0.0019174795597791672
13446,0.0032384637743234634
13456,0.0034136194735765457
13466,0.002479742281138897
13476,0.0029796725139021873
13486,0.003850949928164482
13496,0.0030536241829395294
13506,0.0030272221192717552
13516,0.003983779344707727
13524,0.002573726698756218
13534,0.003977430053055286
13544,0.0028728689067065716
13554,0.002880910411477089
13564,0.005357571877539158
13574,0.0022531887516379356
13584,0.0018019629642367363
13594,0.0018060607835650444
13604,0.0023277411237359047
13614,0.00201417226344347
13622,0.0022582169622182846
13632,0.0030653001740574837
13642,0.002415744587779045
13652,0.0024889614433050156
13662,0.0017431797459721565
13672,0.003183978609740734
13682,0.0019502844661474228
13692,0.0034838486462831497
13702,0.003084879368543625
13712,0.0034104762598872185
13720,0.002936195582151413
13730,0.0027641309425234795
13740,0.0024655451998114586
13750,0.0031217848882079124
13760,0.001723690889775753
13770,0.009039729833602905
13780,0.0020175836980342865
13790,0.0023931581526994705
13800,0.0020989393815398216
13810,0.0035427268594503403
13818,0.002037491649389267
13828,0.0020795846357941628
13838,0.004460158757865429
13848,0.0022864779457449913
13858,0.002481476403772831
13868,0.003681885078549385
13878,0.004870278760790825
13888,0.005304789170622826
13898,0.005222205072641373
13908,0.0023937150835990906
13916,0.0019109956920146942
13926,0.0020635202527046204
13936,0.003316587768495083
13946,0.0018191216513514519
13956,0.0024780603125691414
13966,0.00384454894810915
13976,0.002500426024198532
13986,0.004010691307485104
13996,0.002064451575279236
14006,0.003117942251265049
14014,0.0025038188323378563
14024,0.0017188871279358864
14034,0.0033702459186315536
14044,0.003292693756520748
14054,0.002409818582236767
14064,0.001514551229774952
14074,0.001869669184088707
14084,0.003978653810918331
14094,0.0043913256376981735
14104,0.0034508053213357925
14112,0.0042028287425637245
14122,0.0031224051490426064
14132,0.0015568304806947708
14142,0.0021652821451425552
14152,0.0015621418133378029
14162,0.0016295965760946274
14172,0.0024754665791988373
14182,0.0029247580096125603
14192,0.0022520003840327263
14202,0.0027120327576994896
14210,0.0021840445697307587
14220,0.0016642818227410316
14230,0.0018139677122235298
14240,0.002768588252365589
14250,0.00311127956956625
14260,0.0022627627477049828
14270,0.0054041678085923195
14280,0.0037316549569368362
14290,0.0030096685513854027
14300,0.0026934538036584854
14308,0.002735620364546776
14318,0.0020417794585227966
14328,0.0021106740459799767
14338,0.003099682740867138
14348,0.004016929306089878
14358,0.002714371308684349
14368,0.004900634288787842
14378,0.004245569929480553
14388,0.002296694554388523
14398,0.005916527472436428
14406,0.0028206463903188705
14416,0.004003110341727734
14426,0.0029571866616606712
14436,0.0041582537814974785
14446,0.0017605004832148552
14456,0.002972206100821495
14466,0.0018359581008553505
14476,0.002020249143242836
14486,0.0020629214122891426
14496,0.0022305911406874657
14504,0.0030242661014199257
14514,0.0019122054800391197
14524,0.005256684496998787
14534,0.002675490453839302
14544,0.003885800950229168
14554,0.0035848719999194145
14564,0.0018501058220863342
14574,0.0023485803976655006
14584,0.0027896054089069366
14594,0.002782669849693775
14602,0.0024850573390722275
14612,0.0027471305802464485
14622,0.002221238799393177
14632,0.0036870231851935387
14642,0.0023484425619244576
14652,0.002372877672314644
14662,0.004960046149790287
14672,0.0028117336332798004
14682,0.0022895019501447678
14692,0.0016004052013158798
14700,0.002040059305727482
14710,0.0033254865556955338
14720,0.0023500965908169746
14730,0.00391585286706686
14740,0.003079471178352833
14750,0.002403692342340946
14760,0.012881961651146412
14770,0.001997566781938076
14780,0.001675584353506565
14790,0.002913788892328739
14798,0.004864808171987534
14808,0.0029270360246300697
14818,0.0019850973039865494
14828,0.0024142730981111526
14838,0.007486551068723202
14848,0.002128768712282181
14858,0.0027743405662477016
14868,0.0024288129061460495
14878,0.002559247426688671
14888,0.003531276248395443
14896,0.005633546970784664
14906,0.003143858164548874
14916,0.0025500431656837463
14926,0.0019352436065673828
14936,0.004071174189448357
14946,0.0012336699292063713
14956,0.0028892243281006813
14966,0.0029193954542279243
14976,0.0029413942247629166
14986,0.002285209484398365
14994,0.0020957617089152336
15004,0.005119923502206802
15014,0.0076678963378071785
15024,0.001828594133257866
15034,0.003228884655982256
15044,0.0023830290883779526
15054,0.003937166184186935
15064,0.0033135227859020233
15074,0.002348145470023155
15084,0.0017114412039518356
15092,0.0016082506626844406
15102,0.002194569446146488
15112,0.0020319530740380287
15122,0.004233423620462418
15132,0.002467331476509571
15142,0.0025301435962319374
15152,0.0016531161963939667
15162,0.0029312418773770332
15172,0.002450014464557171
15182,0.0015559634193778038
15190,0.0017799800261855125
15200,0.003448223229497671
15210,0.0017653638496994972
15220,0.002693270333111286
15230,0.0025599803775548935
15240,0.006566760130226612
15250,0.0035210922360420227
15260,0.002669873647391796
15270,0.0021879374980926514
15280,0.0023276954889297485
15288,0.004565140698105097
15298,0.009479074738919735
15308,0.0025512464344501495
15318,0.0054369475692510605
15328,0.0016563544049859047
15338,0.001883472315967083
15348,0.0019383225589990616
15358,0.0019634179770946503
15368,0.0017204126343131065
15378,0.001996304839849472
15386,0.0019660554826259613
15396,0.0018941424787044525
15406,0.0039360737428069115
15416,0.0024762218818068504
15426,0.004257421940565109
15436,0.0029965033754706383
15446,0.0047247400507330894
15456,0.0015956051647663116
15466,0.004374940879642963
15476,0.002894071862101555
15484,0.0024339258670806885
15494,0.0052022081799805164
15504,0.00190057884901762
15514,0.0025406163185834885
15524,0.0026950817555189133
15534,0.003277561627328396
15544,0.005312364548444748
15554,0.001748918555676937
15564,0.0023646345362067223
15574,0.003938295878469944
15582,0.0017309589311480522
15592,0.003243512474000454
15602,0.002819203771650791
15612,0.0024106381461024284
15622,0.0018901973962783813
15632,0.001582394354045391
15642,0.0031305914744734764
15652,0.0020955977961421013
15662,0.002108975313603878
15672,0.002860649488866329
15680,0.0030961791053414345
15690,0.0019457284361124039
15700,0.002514708787202835
15710,0.002252785488963127
15720,0.004990371875464916
15730,0.0025900285691022873
15740,0.0018942831084132195
15750,0.0018193051218986511
15760,0.0016621025279164314
15770,0.003074400592595339
15778,0.0027299458160996437
15788,0.006039930507540703
15798,0.00250372476875782
15808,0.002287924289703369
15818,0.001817316748201847
15828,0.0032873786985874176
15838,0.002138819545507431
15848,0.002155267633497715
15858,0.0025748414918780327
15868,0.003913212567567825
15876,0.002795211970806122
15886,0.002130810171365738
15896,0.0025262003764510155
15906,0.005741123575717211
15916,0.0024859467521309853
15926,0.0026869364082813263
15936,0.002216559834778309
15946,0.0027349302545189857
15956,0.003072500228881836
15966,0.002162548713386059
15974,0.001763962209224701
15984,0.0038961078971624374
15994,0.001578901894390583
16004,0.0033757388591766357
16014,0.003429254051297903
16024,0.0016409168019890785
16034,0.0017321035265922546
16044,0.0016932589933276176
16054,0.006005717441439629
16064,0.0029474785551428795
16072,0.0017175683751702309
16082,0.0014457469806075096
16092,0.002255590632557869
16102,0.0022741034626960754
16112,0.0029015932232141495
16122,0.001879839226603508
16132,0.002366923727095127
16142,0.0016989558935165405
16152,0.002116842195391655
16162,0.0031701279804110527
16170,0.006798242684453726
16180,0.002298479899764061
16190,0.0019954675808548927
16200,0.002230646088719368
16210,0.002235172316431999
16220,0.0024141715839505196
16230,0.002611115574836731
16240,0.0025115804746747017
16250,0.002600199542939663
16260,0.002016087993979454
16268,0.0023396313190460205
16278,0.0014698989689350128
16288,0.00269183237105608
16298,0.0019189873710274696
16308,0.0036766687408089638
16318,0.002933409996330738
16328,0.0020517054945230484
16338,0.0022745002061128616
16348,0.0014723436906933784
16358,0.002443008590489626
16366,0.0016503306105732918
16376,0.0017042690888047218
16386,0.0021517090499401093
16396,0.002466347999870777
16406,0.0034623099491000175
16416,0.0017488421872258186
16426,0.0020266426727175713
16436,0.0020675063133239746
16446,0.0018290076404809952
16456,0.002673901617527008
16464,0.004256860818713903
16474,0.0024826768785715103
16484,0.0032112449407577515
16494,0.00345519557595253
16504,0.0018866918981075287
16514,0.0032514650374650955
16524,0.001918647438287735
16534,0.002339651808142662
16544,0.0019759628921747208
16554,0.0023634806275367737
16562,0.003241226077079773
16572,0.0013891858980059624
16582,0.0019677365198731422
16592,0.0015209885314106941
16602,0.002588849514722824
16612,0.002547142095863819
16622,0.0015582302585244179
16632,0.0022456981241703033
16642,0.002586647868156433
16652,0.002582958899438381
16660,0.0022568758577108383
16670,0.0019262852147221565
16680,0.0024962080642580986
16690,0.005087999161332846
16700,0.0018157754093408585
16710,0.001530415378510952
16720,0.0035370243713259697
16730,0.0038181543350219727
16740,0.004342151805758476
16750,0.007779128849506378
16758,0.004880829714238644
16768,0.0017599118873476982
16778,0.001896832138299942
16788,0.00193761195987463
16798,0.002001832239329815
16808,0.004529431462287903
16818,0.002812773920595646
16828,0.004107366316020489
16838,0.0022364417091012
16848,0.005053609609603882
16856,0.002149956300854683
16866,0.0026465430855751038
16876,0.004595472477376461
16886,0.0015929099172353745
16896,0.0031263912096619606
16906,0.004288550466299057
16916,0.0026459740474820137
16926,0.002148941159248352
16936,0.0022729653865098953
16946,0.004143519327044487
16954,0.001962081529200077
16964,0.0019600875675678253
16974,0.0022186245769262314
16984,0.002352152019739151
16994,0.006503821816295385
17004,0.002828228287398815
17014,0.003401808440685272
17024,0.00196082703769207
17034,0.002393133006989956
17044,0.0017818091437220573
17052,0.0038179727271199226
17062,0.005945144221186638
17072,0.002269154414534569
17082,0.0018331781029701233
17092,0.001346229575574398
17102,0.00235673226416111
17112,0.0018327319994568825
17122,0.001835457980632782
17132,0.006903830450028181
17142,0.0018412908539175987
17150,0.0019368762150406837
17160,0.0015249727293848991
17170,0.001977900043129921
17180,0.0020408397540450096
17190,0.0022298600524663925
17200,0.004343312233686447
17210,0.0020125508308410645
17220,0.0022889496758580208
17230,0.001881108619272709
17240,0.0038505615666508675
17248,0.0017087440937757492
17258,0.0016189487650990486
17268,0.0028871363028883934
17278,0.009343704208731651
17288,0.001617330126464367
17298,0.0017054146155714989
17308,0.0034489878453314304
17318,0.001916215755045414
17328,0.0038194889202713966
17338,0.00324430875480175
17346,0.002212928608059883
17356,0.0024651726707816124
17366,0.0016058776527643204
17376,0.002926361747086048
17386,0.0018875161185860634
17396,0.0034832675009965897
17406,0.0021695103496313095
17416,0.003029380924999714
17426,0.0024991268292069435
17436,0.003294886089861393
17444,0.0026412978768348694
17454,0.002664034254848957
17464,0.003925973549485207
17474,0.0036306530237197876
17484,0.002221005968749523
17494,0.003551389556378126
17504,0.0016685444861650467
17514,0.0019702455028891563
17524,0.001642722636461258
17534,0.002655899152159691
17542,0.0033225156366825104
17552,0.0028401073068380356
17562,0.005304188467562199
17572,0.0039384327828884125
17582,0.002767459489405155
17592,0.006484317593276501
17602,0.002871469594538212
17612,0.0018471060320734978
17622,0.002440229058265686
17632,0.0018863659352064133
17640,0.0020979177206754684
17650,0.0032662684097886086
17660,0.0055589135736227036
17670,0.0032224953174591064
17680,0.0026110121980309486
17690,0.0018106922507286072
17700,0.002203492447733879
17710,0.0025600045919418335
17720,0.0019520670175552368
17730,0.0038552815094590187
17738,0.0027738623321056366
17748,0.0026108305901288986
17758,0.001530202105641365
17768,0.0021715546026825905
17778,0.0025334004312753677
17788,0.0017646122723817825
17798,0.0032832426950335503
17808,0.0018518539145588875
17818,0.0026827221736311913
17828,0.0030169766396284103
17836,0.003484145738184452
17846,0.004241356626152992
17856,0.0033819973468780518
17866,0.0027813902124762535
17876,0.0017406130209565163
17886,0.003917427733540535
17896,0.002234133891761303
17906,0.0024361293762922287
17916,0.004372825846076012
17926,0.0029213735833764076
17934,0.004303815308958292
17944,0.0032278038561344147
17954,0.0019271336495876312
17964,0.004463729448616505
17974,0.0020010825246572495
17984,0.0019222330302000046
17994,0.00285362359136343
18004,0.00504893995821476
18014,0.0021510031074285507
18024,0.0024049803614616394
18032,0.005229369271546602
18042,0.0017607035115361214
18052,0.0013389326632022858
18062,0.002126566134393215
18072,0.0018161619082093239
18082,0.0017276639118790627
18092,0.003326511476188898
18102,0.002217564731836319
18112,0.002420288510620594
18122,0.001571626402437687
18130,0.0020737648010253906
18140,0.0021702544763684273
18150,0.003749402239918709
18160,0.002638779580593109
18170,0.0022590719163417816
18180,0.0024415934458374977
18190,0.00235806405544281
18200,0.0023086480796337128
18210,0.0016474919393658638
18220,0.0021208524703979492
18228,0.0016154106706380844
18238,0.0017197215929627419
18248,0.003048878163099289
18258,0.0021773073822259903
18268,0.002074343152344227
18278,0.0019028466194868088
18288,0.0018933583050966263
18298,0.004090317524969578
18308,0.0015280703082680702
18318,0.003249174915254116
18326,0.0028161611407995224
18336,0.0028593409806489944
18346,0.002840881235897541
18356,0.0022727083414793015
18366,0.0012952378019690514
18376,0.002944439649581909
18386,0.001753716729581356
18396,0.0019002296030521393
18406,0.0020036306232213974
18416,0.0034935828298330307
18424,0.001520085148513317
18434,0.0019119726493954659
18444,0.002878548577427864
18454,0.0014747697860002518
18464,0.0026637567207217216
18474,0.0022768108174204826
18484,0.0016393493860960007
18494,0.0015748701989650726
18504,0.002649310976266861
18514,0.0023838160559535027
18522,0.0021161288022994995
18532,0.00202805083245039
18542,0.00390971265733242
18552,0.0021221060305833817
18562,0.0016384143382310867
18572,0.0016879681497812271
18582,0.002764967270195484
18592,0.002135172486305237
18602,0.0023636268451809883
18612,0.002707398496568203
18620,0.0022825058549642563
18630,0.002910524606704712
18640,0.001981453038752079
18650,0.0016533751040697098
18660,0.002139035612344742
18670,0.0020227888599038124
18680,0.0019319979473948479
18690,0.0018359944224357605
18700,0.003795035183429718
18710,0.0018588220700621605
18718,0.003341137431561947
18728,0.0022054100409150124
18738,0.0027569755911827087
18748,0.0022247694432735443
18758,0.004865954630076885
18768,0.002152005210518837
18778,0.005356446839869022
18788,0.0019211890175938606
18798,0.0016745459288358688
18808,0.0023851171135902405
18816,0.0035829227417707443
18826,0.0029907384887337685
18836,0.005578872747719288
18846,0.0017699738964438438
18856,0.0012949593365192413
18866,0.0028326809406280518
18876,0.001834671013057232
18886,0.00206612516194582
18896,0.0036664362996816635
18906,0.0031722811982035637
18914,0.0024093231186270714
18924,0.0018562795594334602
18934,0.0018781740218400955
18944,0.001980534754693508
18954,0.0018662679940462112
18964,0.002205091528594494
18974,0.002096937969326973
18984,0.002417653799057007
18994,0.0015141572803258896
19004,0.0018269876018166542
19012,0.0033489842899143696
19022,0.002257521264255047
19032,0.0021356241777539253
19042,0.0030418336391448975
19052,0.0015953676775097847
19062,0.001979445107281208
19072,0.004406183958053589
19082,0.0037510618567466736
19092,0.002145173028111458
19102,0.0017684893682599068
19110,0.00419726874679327
19120,0.002389817498624325
19130,0.001634492538869381
19140,0.003748205490410328
19150,0.0035302620381116867
19160,0.0018629208207130432
19170,0.004444611258804798
19180,0.0028219949454069138
19190,0.0035494016483426094
19200,0.003192644566297531
19208,0.002103542909026146
19218,0.0018918365240097046
19228,0.002986697480082512
19238,0.0055430857464671135
19248,0.002051982097327709
19258,0.0021045543253421783
19268,0.001990688033401966
19278,0.0018152790144085884
19288,0.002193228341639042
19298,0.0021773483604192734
19306,0.0037360587157309055
19316,0.0016596559435129166
19326,0.003460668958723545
19336,0.00260128453373909
19346,0.001871415413916111
19356,0.004351520445197821
19366,0.003147212788462639
19376,0.005548241548240185
19386,0.002253856509923935
19396,0.0019323909655213356
19404,0.0014754310250282288
19414,0.0014414703473448753
19424,0.002263810485601425
19434,0.002187349833548069
19444,0.002489335834980011
19454,0.0018125474452972412
19464,0.0022830720990896225
19474,0.0032896557822823524
19484,0.002454645000398159
19494,0.002610325813293457
19502,0.0016009295359253883
19512,0.0024490272626280785
19522,0.003539939410984516
19532,0.0018439767882227898
19542,0.002648687921464443
19552,0.0032594818621873856
19562,0.0025775469839572906
19572,0.0020863087847828865
19582,0.0019235480576753616
19592,0.002472507767379284
19600,0.005988961085677147
19610,0.001531524583697319
19620,0.0028393948450684547
19630,0.0019031232222914696
19640,0.0022603385150432587
19650,0.0022668512538075447
19660,0.0024318546056747437
19670,0.002310503274202347
19680,0.0024329079315066338
19690,0.0032739900052547455
19698,0.0016726907342672348
19708,0.003100736066699028
19718,0.003603256307542324
19728,0.0023766765370965004
19738,0.002385217696428299
19748,0.0016877278685569763
19758,0.003665226511657238
19768,0.0020797988399863243
19778,0.004482104443013668
19788,0.0034462427720427513
19796,0.002377130091190338
19806,0.004278815351426601
19816,0.0013715187087655067
19826,0.001875746063888073
19836,0.0025904932990670204
19846,0.0017216252163052559
19856,0.0022578760981559753
19866,0.0022687651216983795
19876,0.001880520023405552
19886,0.001973530277609825
19894,0.0016788812354207039
19904,0.002602594904601574
19914,0.0016468949615955353
19924,0.0027639372274279594
19934,0.002946246415376663
19944,0.0016296124085783958
19954,0.001586112193763256
19964,0.003151468001306057
19974,0.0033138515427708626
19984,0.002201750874519348
19992,0.0020657265558838844
20002,0.0026504220440983772
20012,0.002591250464320183
20022,0.0017315009608864784
20032,0.0026862844824790955
20042,0.0032749567180871964
20052,0.001956680789589882
20062,0.005728694144636393
20072,0.003267482854425907
20082,0.0028567910194396973
20090,0.00430700508877635
20100,0.002420654520392418
20110,0.004995568189769983
20120,0.0020163459703326225
20130,0.002832617610692978
20140,0.0015597203746438026
20150,0.002501758746802807
20160,0.0017082318663597107
20170,0.0029134033247828484
20180,0.005423504859209061
20188,0.0017940877005457878
20198,0.002423785626888275
20208,0.003379460424184799
20218,0.001836719922721386
20228,0.0015646759420633316
20238,0.0021533267572522163
20248,0.004373800940811634
20258,0.002826344221830368
20268,0.0029997937381267548
20278,0.001820501871407032
20286,0.001507236622273922
20296,0.0018147267401218414
20306,0.0028035417199134827
20316,0.001685354858636856
20326,0.002151130698621273
20336,0.0027647903189063072
20346,0.003883284516632557
20356,0.0028620706871151924
20366,0.002012413926422596
20376,0.0022808797657489777
20384,0.002321838401257992
20394,0.002522466704249382
20404,0.0027560563758015633
20414,0.0036321477964520454
20424,0.0029392456635832787
20434,0.0020412076264619827
20444,0.002177540212869644
20454,0.0021294821053743362
20464,0.008489653468132019
20474,0.003923678770661354
20482,0.002581559121608734
20492,0.0024741655215620995
20502,0.001774568110704422
20512,0.002851673401892185
20522,0.0022128652781248093
20532,0.002864360809326172
20542,0.002738920971751213
20552,0.0031376788392663
20562,0.001870725303888321
20572,0.002093796618282795
20580,0.0014099255204200745
20590,0.0019146297127008438
20600,0.0019191708415746689
20610,0.0022157523781061172
20620,0.002170969732105732
20630,0.0018401853740215302
20640,0.0019928598776459694
20650,0.0028660427778959274
20660,0.0028619058430194855
20670,0.002468470484018326
20678,0.0020042825490236282
20688,0.003635601606220007
20698,0.0025325901806354523
20708,0.005307534709572792
20718,0.0028228862211108208
20728,0.0015075458213686943
20738,0.0039886292070150375
20748,0.00788591057062149
20758,0.0031552789732813835
20768,0.0020805904641747475
20776,0.0030393246561288834
20786,0.0023483363911509514
20796,0.0014783022925257683
20806,0.002111898735165596
20816,0.002662377431988716
20826,0.003601299598813057
20836,0.0018823957070708275
20846,0.002253797836601734
20856,0.0024733543395996094
20866,0.003471028059720993
20874,0.002612088806927204
20884,0.0018950747326016426
20894,0.0030765384435653687
20904,0.0015944195911288261
20914,0.002982350066304207
20924,0.0028931526467204094
20934,0.0023608310148119926
20944,0.002488361671566963
20954,0.0019166050478816032
20964,0.002940691076219082
20972,0.003042038530111313
20982,0.0019441666081547737
20992,0.0017905822023749352
21002,0.0024607377126812935
21012,0.003405296243727207
21022,0.003460528329014778
21032,0.0023927418515086174
21042,0.0014856616035103798
21052,0.002204837277531624
21062,0.0018128026276826859
21070,0.001211034134030342
21080,0.00274479016661644
21090,0.0030133193358778954
21100,0.0029094787314534187
21110,0.002734213136136532
21120,0.0060840146616101265
21130,0.0057081542909145355
21140,0.002665477804839611
21150,0.0016717761754989624
21160,0.0015035513788461685
21168,0.00503499573096633
21178,0.0017964383587241173
21188,0.003741079941391945
21198,0.004103720188140869
21208,0.0016241604462265968
21218,0.0022188005968928337
21228,0.0016559036448597908
21238,0.0016651684418320656
21248,0.002003384754061699
21258,0.0020347749814391136
21266,0.003178323619067669
21276,0.0064547560177743435
21286,0.004710848443210125
21296,0.0018788082525134087
21306,0.002527342177927494
21316,0.0019698310643434525
21326,0.0019836528226733208
21336,0.0021054809913039207
21346,0.005467440467327833
21356,0.0046071382239460945
21364,0.0015546483919024467
21374,0.0021339375525712967
21384,0.00324985571205616
21394,0.002153068780899048
21404,0.004391925409436226
21414,0.0022677192464470863
21424,0.0020382851362228394
21434,0.003900419920682907
21444,0.0012500286102294922
21454,0.0023814812302589417
21462,0.008299171924591064
21472,0.0032303305342793465
21482,0.002012074925005436
21492,0.0034114844165742397
21502,0.0021570753306150436
21512,0.0070204054936766624
21522,0.0024274317547678947
21532,0.002083149738609791
21542,0.003472140058875084
21552,0.0032950593158602715
21560,0.0028036730363965034
21570,0.0024664150550961494
21580,0.0019830139353871346
21590,0.0015245191752910614
21600,0.0022305985912680626
21610,0.004061538726091385
21620,0.00316473376005888
21630,0.0030448948964476585
21640,0.002386098727583885
21650,0.002230118028819561
21658,0.0016280682757496834
21668,0.0014191512018442154
21678,0.0018856972455978394
21688,0.0019818004220724106
21698,0.0032409075647592545
21708,0.0022886190563440323
21718,0.0023815520107746124
21728,0.002690330147743225
21738,0.0028197569772601128
21748,0.004728336818516254
21756,0.0036162398755550385
21766,0.001968987286090851
21776,0.0018636789172887802
21786,0.0016654683277010918
21796,0.0018141604959964752
21806,0.001561228185892105
21816,0.001719892956316471
21826,0.0035197269171476364
21836,0.00253412127494812
21846,0.002195962704718113
21854,0.0014861468225717545
21864,0.0018219808116555214
21874,0.0014244774356484413
21884,0.0019399803131818771
21894,0.002917500212788582
21904,0.0027321213856339455
21914,0.0041777342557907104
21924,0.0033776434138417244
21934,0.0020613176748156548
21944,0.002083664759993553
21952,0.003161286935210228
21962,0.0021191583946347237
21972,0.0026910281740128994
21982,0.003549644723534584
21992,0.002718930132687092
22002,0.0018183477222919464
22012,0.0022034533321857452
22022,0.0022471221163868904
22032,0.0021531889215111732
22042,0.0014715855941176414
22050,0.0028240131214261055
22060,0.0027524856850504875
22070,0.00201325211673975
22080,0.0013583339750766754
22090,0.002759144641458988
22100,0.0018617156893014908
22110,0.0018794648349285126
22120,0.002566870301961899
22130,0.001574764959514141
22140,0.002553386613726616
22148,0.0017518745735287666
22158,0.0020883409306406975
22168,0.001921897754073143
22178,0.0036833048798143864
22188,0.0018856348469853401
22198,0.0015480276197195053
22208,0.003173072822391987
22218,0.002567141316831112
22228,0.002289770171046257
22238,0.0017972681671380997
22246,0.006123608443886042
22256,0.006012129131704569
22266,0.001417076215147972
22276,0.0021935785189270973
22286,0.0015860749408602715
22296,0.0018226690590381622
22306,0.00642065703868866
22316,0.004976867698132992
22326,0.004089568741619587
22336,0.0015736278146505356
22344,0.0019188746809959412
22354,0.0017016129568219185
22364,0.0019027506932616234
22374,0.0019679367542266846
22384,0.0018438762053847313
22394,0.0017788661643862724
22404,0.0018821610137820244
22414,0.006202817428857088
22424,0.0027106469497084618
22434,0.001844923011958599
22442,0.0032929545268416405
22452,0.003966140560805798
22462,0.003239736892282963
22472,0.003053301479667425
22482,0.002702111378312111
22492,0.0027232859283685684
22502,0.003301244229078293
22512,0.0021862564608454704
22522,0.002077879384160042
22532,0.002477874979376793
22540,0.002342056483030319
22550,0.0020917104557156563
22560,0.0023921607062220573
22570,0.002273282967507839
22580,0.002281040884554386
22590,0.002514398656785488
22600,0.0017066430300474167
22610,0.0021392684429883957
22620,0.004267565906047821
22630,0.0020203590393066406
22638,0.0025488119572401047
22648,0.0014797616750001907
22658,0.0021438905969262123
22668,0.002558613196015358
22678,0.0019000731408596039
22688,0.002029307186603546
22698,0.0024732546880841255
22708,0.003111661411821842
22718,0.002221733331680298
22728,0.002312067896127701
22736,0.002567104995250702
22746,0.003264724276959896
22756,0.002458365634083748
22766,0.0027078185230493546
22776,0.0029807528480887413
22786,0.0032067159190773964
22796,0.002818400040268898
22806,0.005706974305212498
22816,0.0025560287758708
22826,0.0020910482853651047
22834,0.002111137844622135
22844,0.0026031583547592163
22854,0.002129876986145973
22864,0.0022850651293992996
22874,0.0016446616500616074
22884,0.002089783549308777
22894,0.0043568117544054985
22904,0.0030329087749123573
22914,0.0024354783818125725
22924,0.001781962811946869
22932,0.002813202328979969
22942,0.0024032071232795715
22952,0.0013546012341976166
22962,0.0026029758155345917
22972,0.0022748075425624847
22982,0.0017789937555789948
22992,0.001840495504438877
23002,0.0016741706058382988
23012,0.003213895484805107
23022,0.002839084714651108
23030,0.0027307141572237015
23040,0.003907481208443642
23050,0.0019904961809515953
23060,0.0024595088325440884
23070,0.005262346006929874
23080,0.00258555356413126
23090,0.003058317117393017
23100,0.0017898008227348328
23110,0.0021996116265654564
23120,0.0017370106652379036
23128,0.003857041709125042
23138,0.0023245830088853836
23148,0.0020944317802786827
23158,0.004714109003543854
23168,0.0020936569198966026
23178,0.0026785917580127716
23188,0.0017875758931040764
23198,0.001550794579088688
23208,0.0013834387063980103
23218,0.0016953153535723686
23226,0.0019179685041308403
23236,0.0018857037648558617
23246,0.002737760543823242
23256,0.001949954777956009
23266,0.002312200143933296
23276,0.0017115958034992218
23286,0.0020014718174934387
23296,0.0020697182044386864
23306,0.0015038186684250832
23316,0.0028766030445694923
23324,0.002361474558711052
23334,0.001826586201786995
23344,0.0032576932571828365
23354,0.002053774893283844
23364,0.0029143961146473885
23374,0.001536036841571331
23384,0.002903902903199196
23394,0.004977820441126823
23404,0.001690024510025978
23414,0.001975586637854576
23422,0.002204843796789646
23432,0.002488751895725727
23442,0.0018075443804264069
23452,0.0019857697188854218
23462,0.0029927389696240425
23472,0.0014479029923677444
23482,0.0025424379855394363
23492,0.0032722465693950653
23502,0.003717399202287197
23512,0.0017510047182440758
23520,0.0022121346555650234
23530,0.002116631716489792
23540,0.001854761503636837
23550,0.002316760830581188
23560,0.0026512164622545242
23570,0.0016781967133283615
23580,0.0023203324526548386
23590,0.0017923647537827492
23600,0.001793975941836834
23610,0.001934499479830265
23618,0.0029550022445619106
23628,0.001516825519502163
23638,0.0014282343909144402
23648,0.002377511002123356
23658,0.0025054216384887695
23668,0.004632774740457535
23678,0.0022937925532460213
23688,0.0019055092707276344
23698,0.0017739161849021912
23708,0.0018767360597848892
23716,0.0020344387739896774
23726,0.003060711547732353
23736,0.0024049030616879463
23746,0.0015822900459170341
23756,0.002595883794128895
23766,0.0019955281168222427
23776,0.0026658019050955772
23786,0.0020744381472468376
23796,0.0025865724310278893
23806,0.0032545807771384716
23814,0.00286793801933527
23824,0.0021871207281947136
23834,0.0015579834580421448
23844,0.003476756624877453
23854,0.002404569648206234
23864,0.00231943279504776
23874,0.002383314073085785
23884,0.001976718194782734
23894,0.0016522230580449104
23904,0.002442256547510624
23912,0.0034882863983511925
23922,0.0015239845961332321
23932,0.0026365434750914574
23942,0.0019724806770682335
23952,0.0036754654720425606
23962,0.0022617699578404427
23972,0.0036919545382261276
23982,0.0025632278993725777
23992,0.002912236377596855
24002,0.0016449401155114174
24010,0.0029220646247267723
24020,0.005501283332705498
24030,0.0025773365050554276
24040,0.002696608193218708
24050,0.0016181841492652893
24060,0.002322104759514332
24070,0.0053785922937095165
24080,0.002203690819442272
24090,0.0021195681765675545
24100,0.002396130934357643
24108,0.0027289167046546936
24118,0.0023427382111549377
24128,0.0028206203132867813
24138,0.0015444550663232803
24148,0.001712130382657051
24158,0.0026230644434690475
24168,0.0019374284893274307
24178,0.0017927875742316246
24188,0.0030111954547464848
24198,0.0021557752043008804
24206,0.0018305880948901176
24216,0.001944870688021183
24226,0.0027248822152614594
24236,0.001836957409977913
24246,0.001522592268884182
24256,0.003109041601419449
24266,0.0028154682368040085
24276,0.0015954775735735893
24286,0.007241981569677591
24296,0.0015430115163326263
24304,0.0026564588770270348
24314,0.0021555479615926743
24324,0.0019404822960495949
24334,0.0031758183613419533
24344,0.0022734440863132477
24354,0.0019518537446856499
24364,0.0016375062987208366
24374,0.0015097372233867645
24384,0.002109984867274761
24394,0.002645437605679035
24402,0.002172584645450115
24412,0.0022989120334386826
24422,0.002300879918038845
24432,0.0014744196087121964
24442,0.002001507207751274
24452,0.002266712486743927
24462,0.003307824954390526
24472,0.0020263856276869774
24482,0.001972487196326256
24492,0.002431044355034828
24500,0.0029258178547024727
24510,0.002633044496178627
24520,0.00223487988114357
24530,0.0021480005234479904
24540,0.004793747328221798
24550,0.0018597869202494621
24560,0.0019776662811636925
24570,0.001714690588414669
24580,0.0019642729312181473
24590,0.0018745921552181244
24598,0.0016619320958852768
24608,0.001729295589029789
24618,0.0014690570533275604
24628,0.00457887863740325
24638,0.003651916515082121
24648,0.0022487277165055275
24658,0.001997515559196472
24668,0.0015924721956253052
24678,0.002132493071258068
24688,0.0022912006825208664
24696,0.0050232792273163795
24706,0.002702748402953148
24716,0.0025207865983247757
24726,0.0031577590852975845
24736,0.002339264377951622
24746,0.0024080639705061913
24756,0.001940869726240635
24766,0.0030093472450971603
24776,0.002691383473575115
24786,0.001995326951146126
24794,0.0017297780141234398
24804,0.0022126901894807816
24814,0.002112419344484806
24824,0.002966245636343956
24834,0.0035016825422644615
24844,0.0035854745656251907
24854,0.00198346097022295
24864,0.002421814948320389
24874,0.001646239310503006
24884,0.0023714695125818253
24892,0.002691086381673813
24902,0.005234896205365658
24912,0.0018276572227478027
24922,0.0017423294484615326
24932,0.00282091461122036
24942,0.0031213564798235893
24952,0.0025201207026839256
24962,0.0015035038813948631
24972,0.001922711730003357
24982,0.0017014527693390846
24990,0.0021313363686203957
25000,0.0023790663108229637
25010,0.0022091008722782135
25020,0.002764488570392132
25030,0.0026025045663118362
25040,0.0047683073207736015
25050,0.002874089404940605
25060,0.0023071439936757088
25070,0.0020566433668136597
25080,0.002406211569905281
25088,0.002015095204114914
25098,0.002510426566004753
25108,0.0030587362125515938
25118,0.002421081066131592
25128,0.0025444356724619865
25138,0.0016509303823113441
25148,0.002105729654431343
25158,0.001510297879576683
25168,0.008165940642356873
25178,0.0020660459995269775
25186,0.0025730011984705925
25196,0.0018029352650046349
25206,0.0017594480887055397
25216,0.0014017252251505852
25226,0.00229474063962698
25236,0.0027332641184329987
25246,0.002316282130777836
25256,0.0018241088837385178
25266,0.0030310945585370064
25276,0.003156951628625393
25284,0.0036692796275019646
25294,0.001765284687280655
25304,0.002835704945027828
25314,0.002889220602810383
25324,0.005279156379401684
25334,0.002114267088472843
25344,0.002055748365819454
25354,0.00542367622256279
25364,0.0019951993599534035
25374,0.00229435320943594
25382,0.0019855769351124763
25392,0.0025508208200335503
25402,0.0016377605497837067
25412,0.0021045487374067307
25422,0.001623818650841713
25432,0.0017695613205432892
25442,0.001590917818248272
25452,0.0018131118267774582
25462,0.0023189298808574677
25472,0.0032355356961488724
25480,0.0023711156100034714
25490,0.0027613178826868534
25500,0.0025625992566347122
25510,0.001858990639448166
25520,0.00241080392152071
25530,0.001688568852841854
25540,0.0024111419916152954
25550,0.0022701462730765343
25560,0.001424623653292656
25570,0.005185615736991167
25578,0.001843237318098545
25588,0.0023551667109131813
25598,0.0020656930282711983
25608,0.0024573206901550293
25618,0.0025689229369163513
25628,0.0033344607800245285
25638,0.0015953481197357178
25648,0.0015082992613315582
25658,0.003348502330482006
25668,0.001282411627471447
25676,0.001674898900091648
25686,0.0017006350681185722
25696,0.004101072438061237
25706,0.0026047993451356888
25716,0.0020407941192388535
25726,0.0015600752085447311
25736,0.0018942756578326225
25746,0.003042438067495823
25756,0.002989920787513256
25766,0.0030099134892225266
25774,0.0020738253369927406
25784,0.0021021002903580666
25794,0.001618601381778717
25804,0.0024250815622508526
25814,0.003371346741914749
25824,0.0019105393439531326
25834,0.0011468352749943733
25844,0.0037559689953923225
25854,0.0014388654381036758
25864,0.0013531306758522987
25872,0.0016395766288042068
25882,0.0017852745950222015
25892,0.0017343703657388687
25902,0.001760442741215229
25912,0.0032235514372587204
25922,0.0024819932878017426
25932,0.0024563847109675407
25942,0.001987004652619362
25952,0.0022944705560803413
25962,0.0028433771803975105
25970,0.0016399174928665161
25980,0.0024328064173460007
25990,0.004929239861667156
26000,0.002492920495569706
26010,0.0030140550807118416
26020,0.002883155830204487
26030,0.00235725287348032
26040,0.0029128920286893845
26050,0.0018966514617204666
26060,0.002474009059369564
26068,0.0017054304480552673
26078,0.001498280093073845
26088,0.0018516350537538528
26098,0.0018771002069115639
26108,0.004372356925159693
26118,0.0016037020832300186
26128,0.0019563529640436172
26138,0.0032743671908974648
26148,0.003204397391527891
26158,0.0020038969814777374
26166,0.002806965261697769
26176,0.0034354645758867264
26186,0.003006349317729473
26196,0.0019707968458533287
26206,0.001698184758424759
26216,0.004399009980261326
26226,0.0020026732236146927
26236,0.003169606439769268
26246,0.001500062644481659
26256,0.002957375720143318
26264,0.00415803212672472
26274,0.0019473452121019363
26284,0.002047749236226082
26294,0.0014904551208019257
26304,0.002225537784397602
26314,0.002550876699388027
26324,0.002605901099741459
26334,0.002799166366457939
26344,0.001762164756655693
26354,0.0019333288073539734
26362,0.0019255587831139565
26372,0.0036349957808852196
26382,0.002022569067776203
26392,0.002030455507338047
26402,0.004504052922129631
26412,0.0029125455766916275
26422,0.0012443745508790016
26432,0.0020274585112929344
26442,0.0015570186078548431
26452,0.0033365124836564064
26460,0.0015319418162107468
26470,0.0024302462115883827
26480,0.0016402853652834892
26490,0.002091784030199051
26500,0.0019538626074790955
26510,0.0019045518711209297
26520,0.0025945836678147316
26530,0.0035748668015003204
26540,0.002272987738251686
26550,0.0019429661333560944
26558,0.0025743674486875534
26568,0.0015022298321127892
26578,0.002360207960009575
26588,0.001986161805689335
26598,0.0023191897198557854
26608,0.0018268870189785957
26618,0.00230596587061882
26628,0.0018907710909843445
26638,0.0023476509377360344
26648,0.001301109790802002
26656,0.0018223756924271584
26666,0.0032985787838697433
26676,0.001558179035782814
26686,0.0018803272396326065
26696,0.0015120496973395348
26706,0.0036918828263878822
26716,0.0019649388268589973
26726,0.00202159583568573
26736,0.002576671540737152
26746,0.00243182759732008
26754,0.001966835930943489
26764,0.002290097065269947
26774,0.0023941555991768837
26784,0.0023186253383755684
26794,0.002293863333761692
26804,0.002094312570989132
26814,0.0014240043237805367
26824,0.001965858042240143
26834,0.0019249608740210533
26844,0.0070325336419045925
26852,0.00215781107544899
26862,0.0021917661651968956
26872,0.0028577661141753197
26882,0.0021725641563534737
26892,0.0016055833548307419
26902,0.003458295948803425
26912,0.0027995528653264046
26922,0.0021327566355466843
26932,0.0014369823038578033
26942,0.0020489171147346497
26950,0.0019608354195952415
26960,0.0023049116134643555
26970,0.001808159053325653
26980,0.002155482769012451
26990,0.002403399907052517
27000,0.002806692384183407
27010,0.0017505986616015434
27020,0.002918494865298271
27030,0.002474476583302021
27040,0.0035563604906201363
27048,0.001773616299033165
27058,0.002848987467586994
27068,0.0017807967960834503
27078,0.004828530363738537
27088,0.001930748112499714
27098,0.003955083899199963
27108,0.0020819352939724922
27118,0.0024636443704366684
27128,0.003756653517484665
27138,0.0020379656925797462
27146,0.004733550827950239
27156,0.0028035221621394157
27166,0.002072462812066078
27176,0.0017172032967209816
27186,0.0024406779557466507
27196,0.002575598657131195
27206,0.0020979968830943108
27216,0.001814054325222969
27226,0.002170966938138008
27236,0.002586549147963524
27244,0.0030393777415156364
27254,0.0022016000002622604
27264,0.002369094640016556
27274,0.003683218266814947
27284,0.002034883014857769
27294,0.0015869606286287308
27304,0.0019155023619532585
27314,0.0029221894219517708
27324,0.002679002471268177
27334,0.0016784882172942162
27342,0.0023513063788414
27352,0.004114988259971142
27362,0.002102079801261425
27372,0.004135866183787584
27382,0.0017700465396046638
27392,0.0018708417192101479
27402,0.0014335960149765015
27412,0.002329695038497448
27422,0.0020201029255986214
27432,0.0020278645679354668
27440,0.0037036212161183357
27450,0.0021683871746063232
27460,0.006799650378525257
27470,0.001352938823401928
27480,0.002316112630069256
27490,0.0021710945293307304
27500,0.0024832570925354958
27510,0.0026173507794737816
27520,0.0021535493433475494
27530,0.0025719953700900078
27538,0.0016952352598309517
27548,0.00334289763122797
27558,0.002592543140053749
27568,0.0033155186101794243
27578,0.0010569076985120773
27588,0.0019648419693112373
27598,0.0025557642802596092
27608,0.0016485461965203285
27618,0.0021905889734625816
27628,0.0015903105959296227
27636,0.0028823241591453552
27646,0.00216717179864645
27656,0.0017529362812638283
27666,0.002230611629784107
27676,0.002217785455286503
27686,0.0018310584127902985
27696,0.003107749857008457
27706,0.0016466295346617699
27716,0.0028299419209361076
27726,0.0017159683629870415
27734,0.0024020690470933914
27744,0.0023993607610464096
27754,0.0026719756424427032
27764,0.002645750530064106
27774,0.0028265947476029396
27784,0.001605805940926075
27794,0.0016433103010058403
27804,0.00816661398857832
27814,0.003560624085366726
27824,0.004087275825440884
27832,0.0031700399704277515
27842,0.0016877306625247002
27852,0.0021122368052601814
27862,0.004377275705337524
27872,0.0015672845765948296
27882,0.001552848145365715
27892,0.0035029789432883263
27902,0.0019959695637226105
27912,0.0016807708889245987
27922,0.002243821509182453
27930,0.0028469329699873924
27940,0.0036791395395994186
27950,0.0021562883630394936
27960,0.002033798024058342
27970,0.0030008256435394287
27980,0.0014558862894773483
27990,0.002149917185306549
28000,0.0019791806116700172
28010,0.0018756510689854622
28020,0.004675688222050667
28028,0.0031106239184737206
28038,0.002375018782913685
28048,0.0016529187560081482
28058,0.0026674028486013412
28068,0.0033722734078764915
28078,0.0019404664635658264
28088,0.0020308876410126686
28098,0.0023941872641444206
28108,0.002285177819430828
28118,0.002111957408487797
28126,0.002071226015686989
28136,0.005234809592366219
28146,0.0014870399609208107
28156,0.0026184399612247944
28166,0.0016555069014430046
28176,0.0031648436561226845
28186,0.0025521712377667427
28196,0.0029044970870018005
28206,0.003374914638698101
28216,0.0017175208777189255
28224,0.0017505558207631111
28234,0.007123008370399475
28244,0.002462363801896572
28254,0.002535073086619377
28264,0.001943911425769329
28274,0.0013229325413703918
28284,0.0017779730260372162
28294,0.0019912803545594215
28304,0.0016852840781211853
28314,0.0015671215951442719
28322,0.001927829347550869
28332,0.0015398403629660606
28342,0.0029216138646006584
28352,0.0019658179953694344
28362,0.002933461219072342
28372,0.0013797366991639137
28382,0.002185111865401268
28392,0.0020629260689020157
28402,0.0016496293246746063
28412,0.0020787110552191734
28420,0.0014977632090449333
28430,0.003768647089600563
28440,0.002393355593085289
28450,0.004631342366337776
28460,0.0020690616220235825
28470,0.0017773350700736046
28480,0.0041223736479878426
28490,0.0024425452575087547
28500,0.003050697036087513
28510,0.0029594553634524345
28518,0.0018887799233198166
28528,0.0020269127562642097
28538,0.0022726375609636307
28548,0.0018687769770622253
28558,0.0035364124923944473
28568,0.0024101920425891876
28578,0.0032808054238557816
28588,0.0013384828343987465
28598,0.0016990331932902336
28608,0.0016660718247294426
28616,0.002774365246295929
28626,0.0021327342838048935
28636,0.0025437762960791588
28646,0.0032249195501208305
28656,0.003047378733754158
28666,0.0015517901629209518
28676,0.001965062692761421
28686,0.0017015747725963593
28696,0.0014814017340540886
28706,0.0016283169388771057
28714,0.002117536962032318
28724,0.0018703602254390717
28734,0.0027289539575576782
28744,0.0037830276414752007
28754,0.004931875504553318
28764,0.003942188341170549
28774,0.0019316859543323517
28784,0.004087778273969889
28794,0.00374547578394413
28804,0.001817852258682251
28812,0.002344178967177868
28822,0.00436970591545105
28832,0.002032647840678692
28842,0.002563497982919216
28852,0.0013339780271053314
28862,0.003688930068165064
28872,0.0023080725222826004
28882,0.003423956222832203
28892,0.002291738986968994
28902,0.002116887830197811
28910,0.0031635481864213943
28920,0.0018203575164079666
28930,0.0018657250329852104
28940,0.002209681086242199
28950,0.004963683895766735
28960,0.0012452034279704094
28970,0.003675243817269802
28980,0.003854028880596161
28990,0.0020608920603990555
29000,0.0028929347172379494
29008,0.0035038702189922333
29018,0.005475027486681938
29028,0.0024663088843226433
29038,0.0023969272151589394
29048,0.0025033773854374886
29058,0.0018530488014221191
29068,0.0018291827291250229
29078,0.003422350622713566
29088,0.0017683468759059906
29098,0.001812291331589222
29106,0.0022779181599617004
29116,0.0014355918392539024
29126,0.001322634518146515
29136,0.001910485327243805
29146,0.002913263626396656
29156,0.0026038307696580887
29166,0.003936466295272112
29176,0.0026801573112607002
29186,0.001361842267215252
29196,0.0016964878886938095
29204,0.0015627238899469376
29214,0.0018343478441238403
29224,0.0027982452884316444
29234,0.003430573269724846
29244,0.0020112311467528343
29254,0.0014190217480063438
29264,0.002109096385538578
29274,0.0022420985624194145
29284,0.002750059589743614
29294,0.0022443514317274094
29302,0.0029591191560029984
29312,0.003056175075471401
29322,0.003736814484000206
29332,0.0018541859462857246
29342,0.0024236738681793213
29352,0.002264642156660557
29362,0.0023361584171652794
29372,0.002646702341735363
29382,0.001978868618607521
29392,0.0014063669368624687
29400,0.0018542623147368431
29410,0.0024078143760561943
29420,0.0022590868175029755
29430,0.0036999722942709923
29440,0.001803021878004074
29450,0.0028609242290258408
29460,0.001720544882118702
29470,0.0034367404878139496
29480,0.001770244911313057
29490,0.0024481136351823807
29498,0.0049608005210757256
29508,0.002110738307237625
29518,0.0017598289996385574
29528,0.0013997247442603111
29538,0.0030948547646403313
29548,0.0021756840869784355
29558,0.0019295299425721169
29568,0.0025380831211805344
29578,0.0016231667250394821
29588,0.0016836412250995636
29596,0.002298051491379738
29606,0.001835833303630352
29616,0.0020325202494859695
29626,0.0035421676002442837
29636,0.001997441053390503
29646,0.0022332053631544113
29656,0.0019196709617972374
29666,0.002360215410590172
29676,0.002196524292230606
29686,0.0019040042534470558
29694,0.007882696576416492
29704,0.002188720740377903
29714,0.0023730695247650146
29724,0.0029329191893339157
29734,0.002899874933063984
29744,0.004647732712328434
29754,0.0020981011912226677
29764,0.0017251856625080109
29774,0.0014177709817886353
29784,0.007721259258687496
29792,0.0049834479577839375
29802,0.003857620991766453
29812,0.004284797236323357
29822,0.004450251813977957
29832,0.001979057677090168
29842,0.0016356529667973518
29852,0.0016303444281220436
29862,0.0019180886447429657
29872,0.0016828682273626328
29882,0.0026825619861483574
29890,0.005535101983696222
29900,0.0031352778896689415
29910,0.003487728536128998
29920,0.002836359664797783
29930,0.0028441259637475014
29940,0.0018708305433392525
29950,0.004978484474122524
29960,0.002271902747452259
29970,0.0027596019208431244
29980,0.002602318301796913
29988,0.002839968539774418
29998,0.0033291205763816833
30008,0.0018086135387420654
30018,0.002271406352519989
30028,0.0018144426867365837
30038,0.001703137531876564
30048,0.0018185703083872795
30058,0.0018151495605707169
30068,0.0016920175403356552
30078,0.002002773806452751
30086,0.0018225712701678276
30096,0.0015788394957780838
30106,0.00228082574903965
30116,0.002612694166600704
30126,0.0016793115064501762
30136,0.0027630766853690147
30146,0.001785394735634327
30156,0.004104777239263058
30166,0.002272125333547592
30176,0.002072884701192379
30184,0.002878539264202118
30194,0.0017938753589987755
30204,0.006901038810610771
30214,0.002127576619386673
30224,0.002354695461690426
30234,0.0022528870031237602
30244,0.0014396151527762413
30254,0.002476796507835388
30264,0.0013419101014733315
30274,0.002011120319366455
30282,0.003575059585273266
30292,0.0036216508597135544
30302,0.003359273076057434
30312,0.0031548505648970604
30322,0.0029651159420609474
30332,0.002767409197986126
30342,0.0021041398867964745
30352,0.0015329793095588684
30362,0.0022293757647275925
30372,0.002400762401521206
30380,0.003172663040459156
30390,0.005456819199025631
30400,0.0015741903334856033
30410,0.0020843446254730225
30420,0.0022185612469911575
30430,0.0015196772292256355
30440,0.0018206741660833359
30450,0.002073155716061592
30460,0.0018973220139741898
30470,0.002454221248626709
30478,0.0011778734624385834
30488,0.001405186951160431
30498,0.0019305860623717308
30508,0.0018389858305454254
30518,0.0032212259247899055
30528,0.0012728041037917137
30538,0.002878817729651928
30548,0.0030869776383042336
30558,0.0025006383657455444
30568,0.0022829845547676086
30576,0.0023559732362627983
30586,0.0019885720685124397
30596,0.0027430159971117973
30606,0.001995067112147808
30616,0.0017098914831876755
30626,0.0025175493210554123
30636,0.002084610052406788
30646,0.002306237816810608
30656,0.0020804423838853836
30666,0.0026161065325140953
30674,0.003162338398396969
30684,0.002641153521835804
30694,0.0019585471600294113
30704,0.0019658226519823074
30714,0.0024398760870099068
30724,0.00305285956710577
30734,0.002838360145688057
30744,0.0025327131152153015
30754,0.0023865029215812683
30764,0.0020104730501770973
30772,0.0024208277463912964
30782,0.0019914070144295692
30792,0.0017238203436136246
30802,0.0017124349251389503
30812,0.0036490578204393387
30822,0.0019388478249311447
30832,0.0019712867215275764
30842,0.0030811894685029984
30852,0.0030051404610276222
30862,0.001346426084637642
30870,0.002337728627026081
30880,0.002507315017282963
30890,0.0020883074030280113
30900,0.0013787830248475075
30910,0.0024785464629530907
30920,0.0019109901040792465
30930,0.001851474866271019
30940,0.0027228593826293945
30950,0.00213499553501606
30960,0.0015504313632845879
30968,0.002285622525960207
30978,0.0019086655229330063
30988,0.002335823141038418
30998,0.004286925308406353
31008,0.0012758756056427956
31018,0.002345186658203602
31028,0.0020955726504325867
31038,0.0020915698260068893
31048,0.0035495879128575325
31058,0.0030600037425756454
31066,0.0014441469684243202
31076,0.0014743553474545479
31086,0.0016795126721262932
31096,0.003551584668457508
31106,0.0016784947365522385
31116,0.0021614553406834602
31126,0.0032976409420371056
31136,0.0015780972316861153
31146,0.0014509102329611778
31156,0.001968872733414173
31164,0.003614148125052452
31174,0.002268729731440544
31184,0.0027081435546278954
31194,0.0016473308205604553
31204,0.0018353639170527458
31214,0.0022750040516257286
31224,0.002150328829884529
31234,0.001757083460688591
31244,0.002164391800761223
31254,0.007752473931759596
31262,0.0037488946691155434
31272,0.0021941587328910828
31282,0.0023627812042832375
31292,0.0018011247739195824
31302,0.0026374896988272667
31312,0.002248484641313553
31322,0.005421836860477924
31332,0.0019625062122941017
31342,0.0018693339079618454
31352,0.002087261527776718
31360,0.0013361331075429916
31370,0.0014318674802780151
31380,0.0019178669899702072
31390,0.0020469361916184425
31400,0.002119096927344799
31410,0.0018737120553851128
31420,0.0018210019916296005
31430,0.002464545890688896
31440,0.0030567124485969543
31450,0.0019752169027924538
31458,0.0014905957505106926
31468,0.0028607752174139023
31478,0.0024016229435801506
31488,0.002350873313844204
31498,0.0020467909052968025
31508,0.0026322016492486
31518,0.002988953609019518
31528,0.002185402438044548
31538,0.0015485892072319984
31548,0.0022239089012145996
31556,0.0016874577850103378
31566,0.001975846476852894
31576,0.003119833767414093
31586,0.0035698655992746353
31596,0.002421409823000431
31606,0.003036237321794033
31616,0.002834766171872616
31626,0.0015189042314887047
31636,0.00326597411185503
31646,0.002070922404527664
31654,0.002040344290435314
31664,0.0019984040409326553
31674,0.002103149890899658
31684,0.0019273171201348305
31694,0.001977880485355854
31704,0.0024389438331127167
31714,0.0061765569262206554
31724,0.0022701481357216835
31734,0.0015685586258769035
31744,0.001958160661160946
31752,0.0026577459648251534
31762,0.002483461983501911
31772,0.0019081803038716316
31782,0.0019153011962771416
31792,0.0021091708913445473
31802,0.002612263895571232
31812,0.0017691133543848991
31822,0.0018010810017585754
31832,0.001819075085222721
31842,0.0014417916536331177
31850,0.0020931633189320564
31860,0.0025305943563580513
31870,0.0018128668889403343
31880,0.0013986499980092049
31890,0.0019695740193128586
31900,0.002643939107656479
31910,0.0015204744413495064
31920,0.0013709431514143944
31930,0.0012339157983660698
31940,0.0016183797270059586
31948,0.00231880322098732
31958,0.0018902206793427467
31968,0.0016483124345541
31978,0.0036336127668619156
31988,0.001912699081003666
31998,0.0019006943330168724
32008,0.003572697751224041
32018,0.0017165271565318108
32028,0.001738094724714756
32038,0.002293746918439865
32046,0.0023392178118228912
32056,0.0021612290292978287
32066,0.002751564607024193
32076,0.0030545368790626526
32086,0.0013295048847794533
32096,0.0016808230429887772
32106,0.0015127742663025856
32116,0.0021182922646403313
32126,0.002099301666021347
32136,0.0022096317261457443
32144,0.0015932554379105568
32154,0.002274898812174797
32164,0.00206140149384737
32174,0.0033976882696151733
32184,0.0013619912788271904
32194,0.0022037411108613014
32204,0.0016738446429371834
32214,0.0016921041533350945
32224,0.0019675102084875107
32234,0.002021285705268383
32242,0.0023984666913747787
32252,0.0020572207868099213
32262,0.004125703126192093
32272,0.0016933763399720192
32282,0.0020968392491340637
32292,0.002340361475944519
32302,0.0025115455500781536
32312,0.0015081511810421944
32322,0.002242681570351124
32332,0.0025401022285223007
32340,0.0022436389699578285
32350,0.0030767424032092094
32360,0.0020025232806801796
32370,0.002277359366416931
32380,0.0014008861035108566
32390,0.0017416160553693771
32400,0.0033080168068408966
32410,0.0017209146171808243
32420,0.0016220416873693466
32430,0.0022429712116718292
32438,0.002857884392142296
32448,0.002389509230852127
32458,0.005831044167280197
32468,0.0016695242375135422
32478,0.0022619832307100296
32488,0.004732735455036163
32498,0.00410935003310442
32508,0.001670602709054947
32518,0.0016522835940122604
32528,0.0017309598624706268
32536,0.0012394636869430542
32546,0.0018925350159406662
32556,0.0015890030190348625
32566,0.001424943096935749
32576,0.001774357631802559
32586,0.0016614170745015144
32596,0.002113519236445427
32606,0.0015276744961738586
32616,0.0029646148905158043
32626,0.0016589043661952019
32634,0.002039587125182152
32644,0.0031027598306536674
32654,0.0024316320195794106
32664,0.003505747765302658
32674,0.0017104530707001686
32684,0.004455371759831905
32694,0.0016913991421461105
32704,0.002167336642742157
32714,0.0014106165617704391
32724,0.003651184029877186
32732,0.0020736632868647575
32742,0.001680087298154831
32752,0.002858104184269905
32762,0.0012532705441117287
32772,0.0025219768285751343
32782,0.0015850048512220383
32792,0.0014895033091306686
32802,0.0017582522705197334
32812,0.0025100773200392723
32822,0.0015988443046808243
32830,0.0018414100632071495
32840,0.003515902440994978
32850,0.0030788853764533997
32860,0.0023484164848923683
32870,0.002117825672030449
32880,0.0018354160711169243
32890,0.0019025085493922234
32900,0.0016872817650437355
32910,0.0020868172869086266
32920,0.001845349557697773
32928,0.0016089370474219322
32938,0.001752285286784172
32948,0.001346028409898281
32958,0.0032326625660061836
32968,0.001701677218079567
32978,0.0029881810769438744
32988,0.00203010905534029
32998,0.0039076171815395355
33008,0.002257987856864929
33018,0.0026555415242910385
33026,0.0018240157514810562
33036,0.0015773223713040352
33046,0.002028188668191433
33056,0.0026890099979937077
33066,0.0033936109393835068
33076,0.0017246520146727562
33086,0.001810469664633274
33096,0.001923542469739914
33106,0.001198616810142994
33116,0.002610788680613041
33124,0.00170896016061306
33134,0.00703464075922966
33144,0.0029341131448745728
33154,0.0025897882878780365
33164,0.0029151691123843193
33174,0.0023399656638503075
33184,0.0026696589775383472
33194,0.0018064454197883606
33204,0.002286745235323906
33214,0.0014283088967204094
33222,0.002346768043935299
33232,0.001637166365981102
33242,0.0022961748763918877
33252,0.002134016714990139
33262,0.0031284941360354424
33272,0.0019312119111418724
33282,0.004214027896523476
33292,0.002052667550742626
33302,0.0019054189324378967
33312,0.001947270706295967
33320,0.0015568947419524193
33330,0.0037478888407349586
33340,0.0020974352955818176
33350,0.002571072429418564
33360,0.001400582492351532
33370,0.002260921522974968
33380,0.0026778569445014
33390,0.0033296728506684303
33400,0.002721169963479042
33410,0.0028922157362103462
33418,0.0033634332939982414
33428,0.0025561368092894554
33438,0.002589043229818344
33448,0.0019528931006789207
33458,0.002428833395242691
33468,0.001803436316549778
33478,0.003352460451424122
33488,0.001604681834578514
33498,0.0019410047680139542
33508,0.0015172017738223076
33516,0.001970467157661915
33526,0.0015081539750099182
33536,0.002838151529431343
33546,0.0028274059295654297
33556,0.004668801091611385
33566,0.004388771019876003
33576,0.002322669140994549
33586,0.0019011981785297394
33596,0.0016199266538023949
33606,0.0020546680316329002
33614,0.0021478887647390366
33624,0.0017888322472572327
33634,0.0018278155475854874
33644,0.0019515249878168106
33654,0.009358315728604794
33664,0.0019455933943390846
33674,0.001933095045387745
33684,0.0020012063905596733
33694,0.0019093425944447517
33704,0.0021045245230197906
33712,0.0017554732039570808
33722,0.0024445699527859688
33732,0.0020249905064702034
33742,0.0015859920531511307
33752,0.001592998392879963
33762,0.002148587256669998
33772,0.0017539020627737045
33782,0.0025621578097343445
33792,0.002528657205402851
33802,0.003351493738591671
33810,0.001551968976855278
33820,0.0032684318721294403
33830,0.0027772290632128716
33840,0.004568318836390972
33850,0.0015168339014053345
33860,0.003059656359255314
33870,0.002432418055832386
33880,0.0015756860375404358
33890,0.0032369215041399
33900,0.002512983977794647
33908,0.0022686822339892387
33918,0.0018520606681704521
33928,0.003797203302383423
33938,0.002502620220184326
33948,0.0015349723398685455
33958,0.001656009815633297
33968,0.0023419177159667015
33978,0.0018762806430459023
33988,0.0017046183347702026
33998,0.004190252628177404
34006,0.0031025223433971405
34016,0.0026049595326185226
34026,0.002994384616613388
34036,0.001463674008846283
34046,0.002852771431207657
34056,0.0033567817881703377
34066,0.002195180393755436
34076,0.001607387326657772
34086,0.001951148733496666
34096,0.0021922625601291656
34104,0.0019070608541369438
34114,0.002038083039224148
34124,0.0033974461257457733
34134,0.0020540906116366386
34144,0.0019784830510616302
34154,0.0025217384099960327
34164,0.00418052775785327
34174,0.0017834287136793137
34184,0.004418746568262577
34194,0.0025017252191901207
34202,0.0019909851253032684
34212,0.0014365222305059433
34222,0.003674841485917568
34232,0.0033802613615989685
34242,0.003596286289393902
34252,0.005443201400339603
34262,0.004024478606879711
34272,0.0034381626173853874
34282,0.002157619222998619
34292,0.0029435083270072937
